CREATE TABLE "BIANMU"."SYS_USER_ROLE"
(
 "USER_ROLE_ID" VARCHAR(50) NOT NULL,
 "USER_ID" VARCHAR2(50) NOT NULL,
 "ROLE_ID" VARCHAR2(50) NOT NULL,
 "CREATE_TIME" TIMESTAMP(0) NULL,
 "MODIFY_TIME" TIMESTAMP(0) NULL,
 "CREATE_USER" VARCHAR2(50) NULL,
 "MODIFY_USER" VARCHAR2(50) NULL
);

CREATE TABLE "BIANMU"."SYS_USER"
(
 "USER_ID" VARCHAR(50) NOT NULL,
 "LOGIN_NAME" VARCHAR2(50) NOT NULL,
 "USER_NAME" VARCHAR2(50) NOT NULL,
 "PASSWORD" VARCHAR2(50) NOT NULL,
 "VALID" CHAR(1) DEFAULT 1
 NOT NULL,
 "LIMITED_IP" VARCHAR2(50) NULL,
 "EXPIRED_TIME" TIMESTAMP(6) NULL,
 "LAST_CHANGE_PWD_TIME" TIMESTAMP(6) NULL,
 "LIMIT_MULTI_LOGIN" CHAR(1) DEFAULT 1
 NULL,
 "CREATE_TIME" TIMESTAMP(6) NULL,
 "MODIFY_TIME" TIMESTAMP(6) NULL,
 "ORG_ID" VARCHAR2(50) NULL,
 "CREATE_USER" VARCHAR2(50) NULL,
 "MODIFY_USER" VARCHAR2(50) NULL,
 "IS_DELETE" CHAR(1) DEFAULT 0
 NULL
);

CREATE TABLE "BIANMU"."SYS_SHORTCUT_MENU"
(
 "SHORTCUT_MENU_ID" VARCHAR(255) NOT NULL,
 "SHORTCUT_MENU_NAME" VARCHAR2(50) NOT NULL,
 "SHORTCUT_MENU_PATH" VARCHAR2(50) NOT NULL,
 "USER_ID" VARCHAR2(50) NOT NULL,
 "SHORTCUT_MENU_PARENT_ID" VARCHAR2(50) NULL,
 "SORT_WEIGHT" NUMBER(6,0) NULL,
 "CREATE_TIME" TIMESTAMP(0) NOT NULL,
 "MODIFY_TIME" TIMESTAMP(0) NOT NULL,
 "CREATE_USER" VARCHAR2(50) NULL,
 "MODIFY_USER" VARCHAR2(50) NULL
);

CREATE TABLE "BIANMU"."SYS_SETTING"
(
 "ID" VARCHAR(50) NOT NULL,
 "SYS_NAME" VARCHAR2(50) NULL,
 "SYS_LOGO" VARCHAR2(150) NULL,
 "SYS_BOTTOM_TEXT" VARCHAR2(100) NULL,
 "SYS_NOTICE_TEXT" CLOB NULL,
 "CREATE_TIME" TIMESTAMP(0) NULL,
 "MODIFY_TIME" TIMESTAMP(0) NULL,
 "USER_INIT_PASSWORD" VARCHAR2(50) NULL,
 "SYS_COLOR" VARCHAR2(50) NULL,
 "SYS_API_ENCRYPT" CHAR(1) NULL,
 "CREATE_USER" VARCHAR2(50) NULL,
 "MODIFY_USER" VARCHAR2(50) NULL
);

CREATE TABLE "BIANMU"."SYS_ROLE_PERMISSIONS"
(
 "RP_ID" VARCHAR(50) NOT NULL,
 "ROLE_ID" VARCHAR2(50) NULL,
 "PERMIS_ID" VARCHAR2(50) NULL,
 "CREATE_TIME" TIMESTAMP(6) NULL,
 "CREATE_USER" VARCHAR2(50) NULL,
 "MODIFY_TIME" TIMESTAMP(6) NULL,
 "MODIFY_USER" VARCHAR2(50) NULL,
  CLUSTER PRIMARY KEY("RP_ID") ENABLE 
);

CREATE TABLE "BIANMU"."SYS_ROLE_MENU"
(
 "RM_ID" VARCHAR(50) NOT NULL,
 "ROLE_ID" VARCHAR2(50) NULL,
 "MENU_ID" VARCHAR2(50) NULL,
 "CREATE_TIME" TIMESTAMP(6) NULL,
 "CREATE_USER" VARCHAR2(50) NULL,
 "MODIFY_TIME" TIMESTAMP(6) NULL,
 "MODIFY_USER" VARCHAR2(50) NULL,
  CLUSTER PRIMARY KEY("RM_ID") ENABLE 
);

CREATE TABLE "BIANMU"."SYS_ROLE"
(
 "ROLE_ID" VARCHAR(50) NOT NULL,
 "ROLE_NAME" VARCHAR2(50) NOT NULL,
 "ROLE_REMARK" VARCHAR2(200) NULL,
 "CREATE_TIME" TIMESTAMP(0) NULL,
 "MODIFY_TIME" TIMESTAMP(0) NULL,
 "ROLE_CONTENT" VARCHAR2(50) NULL,
 "CREATE_USER" VARCHAR2(50) NULL,
 "MODIFY_USER" VARCHAR2(50) NULL
);

CREATE TABLE "BIANMU"."SYS_PERMISSIONS"
(
 "PERMIS_ID" VARCHAR(50) NOT NULL,
 "PERMIS_NAME" VARCHAR2(50) NOT NULL,
 "PERMIS_REMARK" VARCHAR2(200) NULL,
 "PERMIS_SCOPE" VARCHAR2(50) NOT NULL,
 "HAS_SELECT" CHAR(1) DEFAULT 1
 NULL,
 "HAS_ADD" CHAR(1) DEFAULT 0
 NULL,
 "HAS_EDIT" CHAR(1) DEFAULT 0
 NULL,
 "HAS_DELETE" CHAR(1) DEFAULT 0
 NULL,
 "CREATE_TIME" TIMESTAMP(6) NULL,
 "CREATE_USER" VARCHAR2(50) NULL,
 "MODIFY_TIME" TIMESTAMP(6) NULL,
 "MODIFY_USER" VARCHAR2(50) NULL,
  CLUSTER PRIMARY KEY("PERMIS_ID") ENABLE 
);

CREATE TABLE "BIANMU"."SYS_ORG"
(
 "ID" VARCHAR(50) NOT NULL,
 "ORG_NUMBER" VARCHAR2(50) NULL,
 "ORG_NAME" VARCHAR2(50) NULL,
 "ORG_SHORT_NAME" VARCHAR2(50) NULL,
 "ORG_PARENT_ID" VARCHAR2(50) NULL,
 "ORG_PATH" VARCHAR2(50) NULL,
 "LEADER" VARCHAR2(50) NULL,
 "REMARK" VARCHAR2(50) NULL,
 "SORT" NUMBER(6,0) NULL,
 "IS_DELETE" CHAR(1) DEFAULT 0
 NULL,
 "CREATE_TIME" TIMESTAMP(6) NULL,
 "CREATE_USER" VARCHAR2(50) NULL,
 "MODIFY_TIME" TIMESTAMP(6) NULL,
 "MODIFY_USER" VARCHAR2(50) NULL,
 "ORG_PARENT_NAME" VARCHAR2(50) NULL,
 "LEADER_NAME" VARCHAR2(50) NULL,
  CLUSTER PRIMARY KEY("ID") ENABLE 
);

CREATE TABLE "BIANMU"."SYS_NOTIFICATION_UNREAD"
(
 "ID" VARCHAR2(50) NOT NULL,
 "USER_ID" VARCHAR2(50) NOT NULL,
 "NOTIFICATION_ID" VARCHAR2(50) NOT NULL,
 "CREATE_USER" VARCHAR2(50) NULL,
 "CREATE_TIME" TIMESTAMP(6) NULL,
 "MODIFY_USER" VARCHAR2(50) NULL,
 "MODIFY_TIME" TIMESTAMP(6) NULL,
  CLUSTER PRIMARY KEY("ID") ENABLE 
);

CREATE TABLE "BIANMU"."SYS_NOTIFICATION"
(
 "ID" VARCHAR2(50) NOT NULL,
 "FROM_ID" VARCHAR2(50) NOT NULL,
 "RECEIVE_ID" VARCHAR2(2000) NOT NULL,
 "TITLE" VARCHAR2(150) NOT NULL,
 "CONTENT" VARCHAR2(1500) NOT NULL,
 "TYPE" VARCHAR2(50) DEFAULT 'NORMAL'
 NOT NULL,
 "ALL_READ" CHAR(10) NULL,
 "CREATE_USER" VARCHAR2(50) NULL,
 "CREATE_TIME" TIMESTAMP(6) NULL,
 "MODIFY_USER" VARCHAR2(50) NULL,
 "MODIFY_TIME" TIMESTAMP(6) NULL,
  CLUSTER PRIMARY KEY("ID") ENABLE 
);

CREATE TABLE "BIANMU"."SYS_MENU"
(
 "MENU_ID" VARCHAR(50) NOT NULL,
 "MENU_NAME" VARCHAR2(50) NOT NULL,
 "MENU_PATH" VARCHAR2(50) NOT NULL,
 "MENU_PARENT_ID" VARCHAR2(50) NULL,
 "SORT_WEIGHT" NUMBER(6,0) DEFAULT 0
 NULL,
 "CREATE_TIME" TIMESTAMP(0) NOT NULL,
 "MODIFY_TIME" TIMESTAMP(0) NOT NULL,
 "CREATE_USER" VARCHAR2(50) NULL,
 "MODIFY_USER" VARCHAR2(50) NULL,
 "IS_DELETE" CHAR(1) DEFAULT '0'
 NULL
);

CREATE TABLE "BIANMU"."SYS_FILE"
(
 "ID" VARCHAR2(50) NOT NULL,
 "ENTITY_ID" VARCHAR2(50) NULL,
 "FILE_NAME" VARCHAR2(150) NOT NULL,
 "FILE_SUFFIX" VARCHAR2(10) NULL,
 "FILE_TYPE" VARCHAR2(10) NULL,
 "FILE_SIZE" NUMBER(12,6) NOT NULL,
 "LOCATION" VARCHAR2(10) NOT NULL,
 "PATH" VARCHAR2(200) NOT NULL,
 "CREATE_USER" VARCHAR2(50) NULL,
 "CREATE_TIME" TIMESTAMP(6) NULL,
 "MODIFY_USER" VARCHAR2(50) NULL,
 "MODIFY_TIME" TIMESTAMP(6) NULL,
 "ENTRYSTAFF" VARCHAR2(50) NULL,
 "EQUIPMENTMODEL" VARCHAR2(50) NULL,
 "INPUTDATE" TIMESTAMP(6) NULL,
 "SOURCE" VARCHAR2(50) NULL,
 "TASKCODE" VARCHAR2(50) NULL,
 "TROOPCODE" VARCHAR2(50) NULL,
 "TARGETNUMBER" VARCHAR2(50) NULL,
 "MISSILENUMBER" VARCHAR2(50) NULL,
 "TASKNATURE" VARCHAR2(50) NULL,
  CLUSTER PRIMARY KEY("ID") ENABLE 
);

CREATE TABLE "BIANMU"."PERSISTENT_LOGINS"
(
 "SERIES" VARCHAR2(50) NOT NULL,
 "USERNAME" VARCHAR2(50) NOT NULL,
 "TOKEN" VARCHAR2(50) NOT NULL,
 "LAST_USED" TIMESTAMP(0) DEFAULT CURRENT_TIMESTAMP()
 NOT NULL
);

CREATE TABLE "BIANMU"."B_REVIEW_RECORD"
(
 "ID" VARCHAR2(50) NULL,
 "ENTITY_ID" VARCHAR2(50) NULL,
 "ENTITY_TYPE" VARCHAR2(15) NULL,
 "REVIEW_OPERATE" VARCHAR2(20) NULL,
 "REVIEW_OPINION" VARCHAR2(500) NULL,
 "CREATE_USER" VARCHAR2(50) NULL,
 "CREATE_TIME" TIMESTAMP(6) NULL,
 "MODIFY_USER" VARCHAR2(50) NULL,
 "MODIFY_TIME" TIMESTAMP(6) NULL,
 "ORG_ID" VARCHAR2(50) NULL
);

CREATE TABLE "BIANMU"."B_METADATA_DETAILS"
(
 "ID" VARCHAR(50) NOT NULL,
 "METADATA_ID" VARCHAR(50) NULL,
 "TABLE_NAME" VARCHAR2(50) NULL,
 "MASTER" CHAR(1) DEFAULT 0
 NULL,
 "TABLE_COMMENT" VARCHAR2(50) NULL,
 "TABLE_PRIMARY_COLUMN" VARCHAR2(50) NULL,
 "TABLE_COLUMNS" TEXT NULL,
 "FOREIGN_TABLE" VARCHAR2(50) NULL,
 "FOREIGN_COLUMN" VARCHAR2(50) NULL,
 "CREATE_USER" VARCHAR2(50) NULL,
 "CREATE_TIME" TIMESTAMP(6) NULL,
 "MODIFY_USER" VARCHAR2(50) NULL,
 "MODIFY_TIME" TIMESTAMP(6) NULL
);

CREATE TABLE "BIANMU"."B_METADATA_BASIC"
(
 "ID" VARCHAR(50) NOT NULL,
 "DATA_SOURCE_ID" VARCHAR(50) NULL,
 "METADATA_NAME" VARCHAR2(50) NULL,
 "METADATA_COMMENT" VARCHAR2(250) NULL,
 "DATA_FROM" VARCHAR2(50) NULL,
 "DATA_TYPE" VARCHAR2(50) NULL,
 "SECRET_LEVEL" VARCHAR2(50) NULL,
 "COLLECTION_TIME" TIMESTAMP(6) NULL,
 "THEME_TASK" VARCHAR2(50) NULL,
 "REVIEW_STATUS" VARCHAR2(20) DEFAULT 'UN_SUBMIT'
 NULL,
 "ORG_ID" VARCHAR2(50) NULL,
 "CREATE_USER" VARCHAR2(50) NULL,
 "CREATE_TIME" TIMESTAMP(6) NULL,
 "MODIFY_USER" VARCHAR2(50) NULL,
 "MODIFY_TIME" TIMESTAMP(6) NULL,
  CLUSTER PRIMARY KEY("ID") ENABLE 
);

CREATE TABLE "BIANMU"."B_DIRECTORY_METADATA"
(
 "ID" VARCHAR2(50) NOT NULL,
 "DIRECTORY_ID" VARCHAR2(50) NOT NULL,
 "METADATA_ID" VARCHAR2(50) NOT NULL,
 "CREATE_USER" VARCHAR2(50) NULL,
 "CREATE_TIME" TIMESTAMP(6) NULL,
 "MODIFY_USER" VARCHAR2(50) NULL,
 "MODIFY_TIME" TIMESTAMP(6) NULL,
  CLUSTER PRIMARY KEY("ID") ENABLE 
);

CREATE TABLE "BIANMU"."B_DIRECTORY"
(
 "ID" VARCHAR2(50) NOT NULL,
 "DIRECTORY_NAME" VARCHAR2(150) NOT NULL,
 "PARENT_ID" VARCHAR2(50) NULL,
 "REVIEW_STATUS" VARCHAR2(20) DEFAULT 'UN_SUBMIT'
 NULL,
 "ORG_ID" VARCHAR2(50) NULL,
 "CREATE_USER" VARCHAR2(50) NULL,
 "CREATE_TIME" TIMESTAMP(6) NULL,
 "MODIFY_USER" VARCHAR2(50) NULL,
 "MODIFY_TIME" TIMESTAMP(6) NULL,
 "DIRECTORY_TYPE" VARCHAR2(15) NULL,
 "DIRECTORY_PATH" VARCHAR2(350) NULL,
  CLUSTER PRIMARY KEY("ID") ENABLE 
);

CREATE TABLE "BIANMU"."B_DATA_SOURCE"
(
 "ID" VARCHAR(50) NOT NULL,
 "NAME" VARCHAR2(50) NULL,
 "TYPE" CHAR(1) NULL,
 "DB_TYPE" VARCHAR2(50) NULL,
 "DB_VERSION" VARCHAR2(50) NULL,
 "JDBC_DRIVER_CLASS" VARCHAR2(200) NULL,
 "JDBC_URL" VARCHAR2(200) NULL,
 "JDBC_USER_NAME" VARCHAR2(50) NULL,
 "JDBC_PASSWORD" VARCHAR2(50) NULL,
 "JDBC_SCHEMA" VARCHAR2(50) NULL,
 "HOST" VARCHAR2(50) NULL,
 "PORT" NUMBER(5,0) NULL,
 "REMARK" VARCHAR2(500) NULL,
 "IS_DELETE" CHAR(1) DEFAULT 0
 NULL,
 "CREATE_TIME" TIMESTAMP(6) NULL,
 "MODIFY_TIME" TIMESTAMP(6) NULL,
 "CREATE_USER" VARCHAR(50) NULL,
 "MODIFY_USER" VARCHAR(50) NULL,
  CLUSTER PRIMARY KEY("ID") ENABLE 
);

INSERT INTO "BIANMU"."B_DATA_SOURCE"("ID","NAME","TYPE","DB_TYPE","DB_VERSION","JDBC_DRIVER_CLASS","JDBC_URL","JDBC_USER_NAME","JDBC_PASSWORD","JDBC_SCHEMA","HOST","PORT","REMARK","IS_DELETE","CREATE_TIME","MODIFY_TIME","CREATE_USER","MODIFY_USER") VALUES('1396715695491248130','BIANMU','0','DM',null,'dm.jdbc.driver.DmDriver','jdbc:dm://127.0.0.1:5236','BIANMU','123456789','BIANMU','127.0.0.1',5236,'','0',null,'2021-05-26 11:21:40.330000',null,'admin');
INSERT INTO "BIANMU"."B_DATA_SOURCE"("ID","NAME","TYPE","DB_TYPE","DB_VERSION","JDBC_DRIVER_CLASS","JDBC_URL","JDBC_USER_NAME","JDBC_PASSWORD","JDBC_SCHEMA","HOST","PORT","REMARK","IS_DELETE","CREATE_TIME","MODIFY_TIME","CREATE_USER","MODIFY_USER") VALUES('1396758202589634562','测试','0','DM',null,'dm.jdbc.driver.DmDriver','jdbc:dm://127.0.0.1:5236','MY_TEST','123456789','MY_TEST','127.0.0.1',5236,'','0','2021-05-24 17:21:20.669000','2021-05-28 17:47:05.105000','admin','admin');
INSERT INTO "BIANMU"."B_DATA_SOURCE"("ID","NAME","TYPE","DB_TYPE","DB_VERSION","JDBC_DRIVER_CLASS","JDBC_URL","JDBC_USER_NAME","JDBC_PASSWORD","JDBC_SCHEMA","HOST","PORT","REMARK","IS_DELETE","CREATE_TIME","MODIFY_TIME","CREATE_USER","MODIFY_USER") VALUES('1396758202589634563','测试2','0','DM',null,'dm.jdbc.driver.DmDriver','jdbc:dm://127.0.0.1:5236','MY_TEST','123456789','MY_TEST','127.0.0.1',5236,'','0','2021-05-24 17:21:20.669000','2021-06-27 14:47:21.289000','admin','sa');

INSERT INTO "BIANMU"."B_DIRECTORY"("ID","DIRECTORY_NAME","PARENT_ID","REVIEW_STATUS","ORG_ID","CREATE_USER","CREATE_TIME","MODIFY_USER","MODIFY_TIME","DIRECTORY_TYPE","DIRECTORY_PATH") VALUES('1400274538598969346','第一个一级目录','-','PASS','ROOT','admin','2021-06-03 10:14:00.503000','admin','2021-06-03 10:34:25.331000','METADATA','/第一个一级目录');
INSERT INTO "BIANMU"."B_DIRECTORY"("ID","DIRECTORY_NAME","PARENT_ID","REVIEW_STATUS","ORG_ID","CREATE_USER","CREATE_TIME","MODIFY_USER","MODIFY_TIME","DIRECTORY_TYPE","DIRECTORY_PATH") VALUES('1401834794357506049','第二个目录','-','PASS','ROOT','admin','2021-06-07 17:33:54.462000','admin','2021-06-07 20:22:04.769000','METADATA','/第二个目录');
INSERT INTO "BIANMU"."B_DIRECTORY"("ID","DIRECTORY_NAME","PARENT_ID","REVIEW_STATUS","ORG_ID","CREATE_USER","CREATE_TIME","MODIFY_USER","MODIFY_TIME","DIRECTORY_TYPE","DIRECTORY_PATH") VALUES('1401877198301290497','第三个目录','-','UN_SUBMIT','ROOT','admin','2021-06-07 20:22:24.350000','admin','2021-06-07 20:22:24.350000','DIRECTORY','/第三个目录');
INSERT INTO "BIANMU"."B_DIRECTORY"("ID","DIRECTORY_NAME","PARENT_ID","REVIEW_STATUS","ORG_ID","CREATE_USER","CREATE_TIME","MODIFY_USER","MODIFY_TIME","DIRECTORY_TYPE","DIRECTORY_PATH") VALUES('1402569588972380162','测试2','1402568684063875074','UN_SUBMIT','120000','1402430112333717505','2021-06-09 18:13:43.150000','1402430112333717505','2021-06-09 18:13:43.150000','DIRECTORY','/测试/测试2');
INSERT INTO "BIANMU"."B_DIRECTORY"("ID","DIRECTORY_NAME","PARENT_ID","REVIEW_STATUS","ORG_ID","CREATE_USER","CREATE_TIME","MODIFY_USER","MODIFY_TIME","DIRECTORY_TYPE","DIRECTORY_PATH") VALUES('1403227938827485186','test2','1403227894854402050','PASS','ROOT','sa','2021-06-11 13:49:45.987000','sa','2021-06-11 13:49:45.987000','METADATA','/test/test1/test2');
INSERT INTO "BIANMU"."B_DIRECTORY"("ID","DIRECTORY_NAME","PARENT_ID","REVIEW_STATUS","ORG_ID","CREATE_USER","CREATE_TIME","MODIFY_USER","MODIFY_TIME","DIRECTORY_TYPE","DIRECTORY_PATH") VALUES('1406877498573463553','测试目录','-','PASS','ROOT','sa','2021-06-21 15:31:48.836000','sa','2021-06-21 15:31:48.837000','METADATA','/测试目录');
INSERT INTO "BIANMU"."B_DIRECTORY"("ID","DIRECTORY_NAME","PARENT_ID","REVIEW_STATUS","ORG_ID","CREATE_USER","CREATE_TIME","MODIFY_USER","MODIFY_TIME","DIRECTORY_TYPE","DIRECTORY_PATH") VALUES('1407653103283879937','二级目录','1401877198301290497','PASS','ROOT','sa','2021-06-23 18:53:47.409000','sa','2021-07-07 09:41:46.219000','METADATA','/第三个目录/二级目录');
INSERT INTO "BIANMU"."B_DIRECTORY"("ID","DIRECTORY_NAME","PARENT_ID","REVIEW_STATUS","ORG_ID","CREATE_USER","CREATE_TIME","MODIFY_USER","MODIFY_TIME","DIRECTORY_TYPE","DIRECTORY_PATH") VALUES('1407653524350058497','二级目录2','1401877198301290497','PASS','ROOT','sa','2021-06-23 18:55:27.799000','sa','2021-07-07 09:41:53.070000','METADATA','/第三个目录/二级目录2');

INSERT INTO "BIANMU"."B_DIRECTORY_METADATA"("ID","DIRECTORY_ID","METADATA_ID","CREATE_USER","CREATE_TIME","MODIFY_USER","MODIFY_TIME") VALUES('1400348040190377986','1400274538598969346','1399283902471143426','admin','2021-06-03 15:06:04.646000','admin','2021-06-03 15:06:04.646000');
INSERT INTO "BIANMU"."B_DIRECTORY_METADATA"("ID","DIRECTORY_ID","METADATA_ID","CREATE_USER","CREATE_TIME","MODIFY_USER","MODIFY_TIME") VALUES('1401863563562704897','1401834794357506049','1401863559196434433','admin','2021-06-07 19:28:13.576000','admin','2021-06-07 19:28:13.576000');
INSERT INTO "BIANMU"."B_DIRECTORY_METADATA"("ID","DIRECTORY_ID","METADATA_ID","CREATE_USER","CREATE_TIME","MODIFY_USER","MODIFY_TIME") VALUES('1402828055259811841','1401834794357506049','1402828055251423234','sa','2021-06-10 11:20:46.315000','sa','2021-06-10 11:20:46.315000');
INSERT INTO "BIANMU"."B_DIRECTORY_METADATA"("ID","DIRECTORY_ID","METADATA_ID","CREATE_USER","CREATE_TIME","MODIFY_USER","MODIFY_TIME") VALUES('1402935534266245122','1401834794357506049','1402935534245273602','sa','2021-06-10 18:27:51.307000','sa','2021-06-10 18:27:51.307000');
INSERT INTO "BIANMU"."B_DIRECTORY_METADATA"("ID","DIRECTORY_ID","METADATA_ID","CREATE_USER","CREATE_TIME","MODIFY_USER","MODIFY_TIME") VALUES('1403228445314859009','1403227938827485186','1402828055251423234','sa','2021-06-11 13:51:46.743000','sa','2021-06-11 13:51:46.743000');
INSERT INTO "BIANMU"."B_DIRECTORY_METADATA"("ID","DIRECTORY_ID","METADATA_ID","CREATE_USER","CREATE_TIME","MODIFY_USER","MODIFY_TIME") VALUES('1403228445319053313','1403227938827485186','1402935534245273602','sa','2021-06-11 13:51:46.744000','sa','2021-06-11 13:51:46.744000');
INSERT INTO "BIANMU"."B_DIRECTORY_METADATA"("ID","DIRECTORY_ID","METADATA_ID","CREATE_USER","CREATE_TIME","MODIFY_USER","MODIFY_TIME") VALUES('1403228715105075201','1403227894854402050','1402566527331786754','sa','2021-06-11 13:52:51.066000','sa','2021-06-11 13:52:51.066000');
INSERT INTO "BIANMU"."B_DIRECTORY_METADATA"("ID","DIRECTORY_ID","METADATA_ID","CREATE_USER","CREATE_TIME","MODIFY_USER","MODIFY_TIME") VALUES('1403228735648776194','1403227894854402050','1399304695158648833','sa','2021-06-11 13:52:55.964000','sa','2021-06-11 13:52:55.964000');
INSERT INTO "BIANMU"."B_DIRECTORY_METADATA"("ID","DIRECTORY_ID","METADATA_ID","CREATE_USER","CREATE_TIME","MODIFY_USER","MODIFY_TIME") VALUES('1406877721450389505','1406877498573463553','1399304370624376834','sa','2021-06-21 15:32:41.974000','sa','2021-06-21 15:32:41.974000');
INSERT INTO "BIANMU"."B_DIRECTORY_METADATA"("ID","DIRECTORY_ID","METADATA_ID","CREATE_USER","CREATE_TIME","MODIFY_USER","MODIFY_TIME") VALUES('1406877721454583810','1406877498573463553','1399304695158648833','sa','2021-06-21 15:32:41.975000','sa','2021-06-21 15:32:41.975000');
INSERT INTO "BIANMU"."B_DIRECTORY_METADATA"("ID","DIRECTORY_ID","METADATA_ID","CREATE_USER","CREATE_TIME","MODIFY_USER","MODIFY_TIME") VALUES('1409040530384863234','1401834794357506049','1399304370624376834','sa','2021-06-27 14:46:55.809000','sa','2021-06-27 14:46:55.814000');
INSERT INTO "BIANMU"."B_DIRECTORY_METADATA"("ID","DIRECTORY_ID","METADATA_ID","CREATE_USER","CREATE_TIME","MODIFY_USER","MODIFY_TIME") VALUES('1409040530569412610','1401834794357506049','1399304908799717377','sa','2021-06-27 14:46:55.851000','sa','2021-06-27 14:46:55.851000');
INSERT INTO "BIANMU"."B_DIRECTORY_METADATA"("ID","DIRECTORY_ID","METADATA_ID","CREATE_USER","CREATE_TIME","MODIFY_USER","MODIFY_TIME") VALUES('1409040932618616834','1401834794357506049','1409040796698001409','sa','2021-06-27 14:48:31.707000','sa','2021-06-27 14:48:31.707000');

INSERT INTO "BIANMU"."B_METADATA_BASIC"("ID","DATA_SOURCE_ID","METADATA_NAME","METADATA_COMMENT","DATA_FROM","DATA_TYPE","SECRET_LEVEL","COLLECTION_TIME","THEME_TASK","REVIEW_STATUS","ORG_ID","CREATE_USER","CREATE_TIME","MODIFY_USER","MODIFY_TIME") VALUES('1399283902471143426','1396715695491248130','SYS_SETTING','系统设置表','BIANMU','','','2021-05-31 16:37:33.000000','','FAIL','ROOT','admin','2021-05-31 16:37:34.444000','admin','2021-06-03 16:51:51.666000');
INSERT INTO "BIANMU"."B_METADATA_BASIC"("ID","DATA_SOURCE_ID","METADATA_NAME","METADATA_COMMENT","DATA_FROM","DATA_TYPE","SECRET_LEVEL","COLLECTION_TIME","THEME_TASK","REVIEW_STATUS","ORG_ID","CREATE_USER","CREATE_TIME","MODIFY_USER","MODIFY_TIME") VALUES('1399304370624376834','1396758202589634563','ORG','机构表','测试2','','','2021-05-31 17:58:53.000000','','PASS','ROOT','admin','2021-05-31 17:58:54.431000','admin','2021-06-03 16:51:59.940000');
INSERT INTO "BIANMU"."B_METADATA_BASIC"("ID","DATA_SOURCE_ID","METADATA_NAME","METADATA_COMMENT","DATA_FROM","DATA_TYPE","SECRET_LEVEL","COLLECTION_TIME","THEME_TASK","REVIEW_STATUS","ORG_ID","CREATE_USER","CREATE_TIME","MODIFY_USER","MODIFY_TIME") VALUES('1399304908799717377','1396715695491248130','SYS_ORG','组织机构表','BIANMU','','','2021-05-31 18:01:02.000000','','PASS','ROOT','admin','2021-05-31 18:01:02.742000','admin','2021-06-03 16:52:14.612000');
INSERT INTO "BIANMU"."B_METADATA_BASIC"("ID","DATA_SOURCE_ID","METADATA_NAME","METADATA_COMMENT","DATA_FROM","DATA_TYPE","SECRET_LEVEL","COLLECTION_TIME","THEME_TASK","REVIEW_STATUS","ORG_ID","CREATE_USER","CREATE_TIME","MODIFY_USER","MODIFY_TIME") VALUES('1408243490935463937','1396715695491248130','B_DIRECTORY','','BIANMU','',null,'2021-06-25 09:59:45.000000','','UN_SUBMIT','ROOT','sa','2021-06-25 09:59:46.795000','sa','2021-06-25 09:59:46.797000');
INSERT INTO "BIANMU"."B_METADATA_BASIC"("ID","DATA_SOURCE_ID","METADATA_NAME","METADATA_COMMENT","DATA_FROM","DATA_TYPE","SECRET_LEVEL","COLLECTION_TIME","THEME_TASK","REVIEW_STATUS","ORG_ID","CREATE_USER","CREATE_TIME","MODIFY_USER","MODIFY_TIME") VALUES('1408243687396663298','1396715695491248130','B_REVIEW_RECORD','','BIANMU','',null,'2021-06-25 10:00:32.000000','','UN_SUBMIT','ROOT','sa','2021-06-25 10:00:33.634000','sa','2021-06-25 10:00:33.634000');
INSERT INTO "BIANMU"."B_METADATA_BASIC"("ID","DATA_SOURCE_ID","METADATA_NAME","METADATA_COMMENT","DATA_FROM","DATA_TYPE","SECRET_LEVEL","COLLECTION_TIME","THEME_TASK","REVIEW_STATUS","ORG_ID","CREATE_USER","CREATE_TIME","MODIFY_USER","MODIFY_TIME") VALUES('1408287361694375938','1396715695491248130','B_METADATA_DETAILS','元数据详情表','BIANMU','',null,'2021-06-25 12:54:05.000000','','UN_SUBMIT','ROOT','sa','2021-06-25 12:54:06.399000','sa','2021-06-25 18:59:33.704000');
INSERT INTO "BIANMU"."B_METADATA_BASIC"("ID","DATA_SOURCE_ID","METADATA_NAME","METADATA_COMMENT","DATA_FROM","DATA_TYPE","SECRET_LEVEL","COLLECTION_TIME","THEME_TASK","REVIEW_STATUS","ORG_ID","CREATE_USER","CREATE_TIME","MODIFY_USER","MODIFY_TIME") VALUES('1409040796698001409','1396758202589634562','USER','用户表','测试','',null,'2021-06-27 14:47:58.000000','','PASS','ROOT','sa','2021-06-27 14:47:59.301000','sa','2021-06-27 14:47:59.301000');
INSERT INTO "BIANMU"."B_METADATA_BASIC"("ID","DATA_SOURCE_ID","METADATA_NAME","METADATA_COMMENT","DATA_FROM","DATA_TYPE","SECRET_LEVEL","COLLECTION_TIME","THEME_TASK","REVIEW_STATUS","ORG_ID","CREATE_USER","CREATE_TIME","MODIFY_USER","MODIFY_TIME") VALUES('1409473955851911170','1396715695491248130','SYS_USER','系统用户表','BIANMU','',null,'2021-06-28 19:28:51.000000','','UN_SUBMIT','ROOT','sa','2021-06-28 19:29:12.492000','sa','2021-06-28 19:29:12.492000');

INSERT INTO "BIANMU"."B_METADATA_DETAILS"("ID","METADATA_ID","TABLE_NAME","MASTER","TABLE_COMMENT","TABLE_PRIMARY_COLUMN","TABLE_COLUMNS","FOREIGN_TABLE","FOREIGN_COLUMN","CREATE_USER","CREATE_TIME","MODIFY_USER","MODIFY_TIME") VALUES('1399283902609555458','1399283902471143426','SYS_SETTING','1',null,null,null,null,null,'admin','2021-05-31 16:37:34.000000','admin','2021-05-31 16:37:34.000000');
INSERT INTO "BIANMU"."B_METADATA_DETAILS"("ID","METADATA_ID","TABLE_NAME","MASTER","TABLE_COMMENT","TABLE_PRIMARY_COLUMN","TABLE_COLUMNS","FOREIGN_TABLE","FOREIGN_COLUMN","CREATE_USER","CREATE_TIME","MODIFY_USER","MODIFY_TIME") VALUES('1399304370758594561','1399304370624376834','ORG','1',null,null,null,null,null,'admin','2021-05-31 17:58:54.000000','admin','2021-05-31 17:58:54.000000');
INSERT INTO "BIANMU"."B_METADATA_DETAILS"("ID","METADATA_ID","TABLE_NAME","MASTER","TABLE_COMMENT","TABLE_PRIMARY_COLUMN","TABLE_COLUMNS","FOREIGN_TABLE","FOREIGN_COLUMN","CREATE_USER","CREATE_TIME","MODIFY_USER","MODIFY_TIME") VALUES('1399304908803911681','1399304908799717377','SYS_ORG','1',null,null,null,null,null,'admin','2021-05-31 18:01:02.000000','admin','2021-05-31 18:01:02.000000');
INSERT INTO "BIANMU"."B_METADATA_DETAILS"("ID","METADATA_ID","TABLE_NAME","MASTER","TABLE_COMMENT","TABLE_PRIMARY_COLUMN","TABLE_COLUMNS","FOREIGN_TABLE","FOREIGN_COLUMN","CREATE_USER","CREATE_TIME","MODIFY_USER","MODIFY_TIME") VALUES('1408243490977406978','1408243490935463937','B_DIRECTORY_METADATA','0','目录与元数据关系表','ID','[{"columnName":"ID","comment":"主键"},{"columnName":"DIRECTORY_ID","comment":"目录ID"},{"columnName":"METADATA_ID","comment":"元数据ID"},{"columnName":"CREATE_USER","comment":"创建用户"},{"columnName":"CREATE_TIME","comment":"创建时间"},{"columnName":"MODIFY_USER","comment":"修改用户"},{"columnName":"MODIFY_TIME","comment":"修改时间"}]','B_DIRECTORY','DIRECTORY_ID','sa','2021-06-25 09:59:46.804000','sa','2021-06-25 09:59:46.804000');
INSERT INTO "BIANMU"."B_METADATA_DETAILS"("ID","METADATA_ID","TABLE_NAME","MASTER","TABLE_COMMENT","TABLE_PRIMARY_COLUMN","TABLE_COLUMNS","FOREIGN_TABLE","FOREIGN_COLUMN","CREATE_USER","CREATE_TIME","MODIFY_USER","MODIFY_TIME") VALUES('1408243490985795585','1408243490935463937','B_DIRECTORY','1','目录表','ID','[{"columnName":"ID","comment":"主键"},{"columnName":"DIRECTORY_NAME","comment":"目录名称"},{"columnName":"PARENT_ID","comment":"父目录ID"},{"columnName":"REVIEW_STATUS","comment":"数据审核状态（''UN_SUBMIT''：未提交，''SUBMITTED''：已提交，''PASS''：审核通过，''FAIL''：审核未通过）"},{"columnName":"ORG_ID","comment":"所属机构ID"},{"columnName":"CREATE_USER","comment":"创建用户"},{"columnName":"CREATE_TIME","comment":"创建时间"},{"columnName":"MODIFY_USER","comment":"修改用户"},{"columnName":"MODIFY_TIME","comment":"修改时间"},{"columnName":"DIRECTORY_TYPE","comment":"目录类型（''DIRECTORY''：结构目录，''METADATA''：元数据目录）"},{"columnName":"DIRECTORY_PATH","comment":"目录路径，由父级目录拼接而成（\\***\\***\\***）"}]',null,'选择外键','sa','2021-06-25 09:59:46.806000','sa','2021-06-25 09:59:46.806000');
INSERT INTO "BIANMU"."B_METADATA_DETAILS"("ID","METADATA_ID","TABLE_NAME","MASTER","TABLE_COMMENT","TABLE_PRIMARY_COLUMN","TABLE_COLUMNS","FOREIGN_TABLE","FOREIGN_COLUMN","CREATE_USER","CREATE_TIME","MODIFY_USER","MODIFY_TIME") VALUES('1408243687400857602','1408243687396663298','SYS_USER','0','系统用户表','USER_ID','[{"columnName":"USER_ID","comment":"用户id"},{"columnName":"LOGIN_NAME","comment":"登录名"},{"columnName":"USER_NAME","comment":"用户名称"},{"columnName":"PASSWORD","comment":"登录密码"},{"columnName":"VALID","comment":"是否允许登录系统（0：不允许，1：允许）"},{"columnName":"LIMITED_IP","comment":"限制允许登录的IP集合"},{"columnName":"EXPIRED_TIME","comment":"账号失效时间，超过时间将不能登录系统"},{"columnName":"LAST_CHANGE_PWD_TIME","comment":"最近修改密码时间，超出时间间隔，提示用户修改密码"},{"columnName":"LIMIT_MULTI_LOGIN","comment":"是否允许账号同一个时刻多人在线，（0：不允许，1：允许）"},{"columnName":"CREATE_TIME","comment":"创建时间"},{"columnName":"MODIFY_TIME","comment":"修改时间"},{"columnName":"ORG_ID","comment":"组织机构ID"},{"columnName":"CREATE_USER","comment":"创建用户"},{"columnName":"MODIFY_USER","comment":"修改用户"},{"columnName":"IS_DELETE","comment":"是否删除（0：未删除，1：已删除）"}]',null,null,'sa','2021-06-25 10:00:33.635000','sa','2021-06-25 10:00:33.635000');
INSERT INTO "BIANMU"."B_METADATA_DETAILS"("ID","METADATA_ID","TABLE_NAME","MASTER","TABLE_COMMENT","TABLE_PRIMARY_COLUMN","TABLE_COLUMNS","FOREIGN_TABLE","FOREIGN_COLUMN","CREATE_USER","CREATE_TIME","MODIFY_USER","MODIFY_TIME") VALUES('1408243687405051906','1408243687396663298','B_REVIEW_RECORD','1','审核记录表',null,'[{"columnName":"ID","comment":"主键"},{"columnName":"ENTITY_ID","comment":"数据实体ID"},{"columnName":"ENTITY_TYPE","comment":"数据实体类型（\"DIRECTORY\"：目录，\"METADATA\"：元数据）"},{"columnName":"REVIEW_OPERATE","comment":"审核操作（\"SUBMIT\"：提交审核，\"REVIEW_PASS\"：审核通过， \"REVIEW_FAIL\"：审核不通过）"},{"columnName":"REVIEW_OPINION","comment":"审核意见"},{"columnName":"CREATE_USER","comment":"创建用户"},{"columnName":"CREATE_TIME","comment":"创建时间"},{"columnName":"MODIFY_USER","comment":"修改用户"},{"columnName":"MODIFY_TIME","comment":"修改时间"},{"columnName":"ORG_ID","comment":"所属机构ID"}]','SYS_USER','CREATE_USER','sa','2021-06-25 10:00:33.636000','sa','2021-06-25 10:00:33.636000');
INSERT INTO "BIANMU"."B_METADATA_DETAILS"("ID","METADATA_ID","TABLE_NAME","MASTER","TABLE_COMMENT","TABLE_PRIMARY_COLUMN","TABLE_COLUMNS","FOREIGN_TABLE","FOREIGN_COLUMN","CREATE_USER","CREATE_TIME","MODIFY_USER","MODIFY_TIME") VALUES('1408287361748901890','1408287361694375938','B_METADATA_DETAILS','1','元数据详情表','ID','[{"columnName":"ID","comment":"主键"},{"columnName":"METADATA_ID","comment":"元数据ID"},{"columnName":"TABLE_NAME","comment":"数据表名称"},{"columnName":"MASTER","comment":"是否主表 （1：是，0：否）"},{"columnName":"TABLE_COMMENT","comment":"数据表注释"},{"columnName":"TABLE_PRIMARY_COLUMN","comment":"数据表主键列"},{"columnName":"TABLE_COLUMNS","comment":"数据表字段"},{"columnName":"FOREIGN_TABLE","comment":"关联的外表"},{"columnName":"FOREIGN_COLUMN","comment":"外表的外键"},{"columnName":"CREATE_USER","comment":"创建人"},{"columnName":"CREATE_TIME","comment":"创建时间"},{"columnName":"MODIFY_USER","comment":"修改人"},{"columnName":"MODIFY_TIME","comment":"修改时间"}]','B_METADATA_BASIC','METADATA_ID','sa','2021-06-25 12:54:06.000000','sa','2021-06-25 12:54:06.000000');
INSERT INTO "BIANMU"."B_METADATA_DETAILS"("ID","METADATA_ID","TABLE_NAME","MASTER","TABLE_COMMENT","TABLE_PRIMARY_COLUMN","TABLE_COLUMNS","FOREIGN_TABLE","FOREIGN_COLUMN","CREATE_USER","CREATE_TIME","MODIFY_USER","MODIFY_TIME") VALUES('1408287361757290497','1408287361694375938','B_METADATA_BASIC','1','元数据表','ID','[{"columnName":"ID","comment":"主键"},{"columnName":"DATA_SOURCE_ID","comment":"数据源表ID"},{"columnName":"METADATA_NAME","comment":"元数据名称"},{"columnName":"METADATA_COMMENT","comment":"元数据表中文注释"},{"columnName":"DATA_FROM","comment":"数据来源"},{"columnName":"DATA_TYPE","comment":"数据类型"},{"columnName":"SECRET_LEVEL","comment":"数据密级"},{"columnName":"COLLECTION_TIME","comment":"采集时间"},{"columnName":"THEME_TASK","comment":"主题任务"},{"columnName":"REVIEW_STATUS","comment":"数据审核状态（''UN_SUBMIT''：未提交，''SUBMITTED''：已提交，''PASS''：审核通过，''FAIL''：审核未通过）"},{"columnName":"ORG_ID","comment":"所属机构ID"},{"columnName":"CREATE_USER","comment":"创建人"},{"columnName":"CREATE_TIME","comment":"创建时间"},{"columnName":"MODIFY_USER","comment":"修改人"},{"columnName":"MODIFY_TIME","comment":"修改时间"}]',null,null,'sa','2021-06-25 12:54:06.000000','sa','2021-06-25 12:54:06.000000');
INSERT INTO "BIANMU"."B_METADATA_DETAILS"("ID","METADATA_ID","TABLE_NAME","MASTER","TABLE_COMMENT","TABLE_PRIMARY_COLUMN","TABLE_COLUMNS","FOREIGN_TABLE","FOREIGN_COLUMN","CREATE_USER","CREATE_TIME","MODIFY_USER","MODIFY_TIME") VALUES('1408287361757290498','1408287361694375938','B_DIRECTORY_METADATA','0','目录与元数据关系表','ID','[{"columnName":"ID","comment":"主键"},{"columnName":"DIRECTORY_ID","comment":"目录ID"},{"columnName":"METADATA_ID","comment":"元数据ID"},{"columnName":"CREATE_USER","comment":"创建用户"},{"columnName":"CREATE_TIME","comment":"创建时间"},{"columnName":"MODIFY_USER","comment":"修改用户"},{"columnName":"MODIFY_TIME","comment":"修改时间"}]','B_METADATA_BASIC','METADATA_ID','sa','2021-06-25 12:54:06.000000','sa','2021-06-25 12:54:06.000000');
INSERT INTO "BIANMU"."B_METADATA_DETAILS"("ID","METADATA_ID","TABLE_NAME","MASTER","TABLE_COMMENT","TABLE_PRIMARY_COLUMN","TABLE_COLUMNS","FOREIGN_TABLE","FOREIGN_COLUMN","CREATE_USER","CREATE_TIME","MODIFY_USER","MODIFY_TIME") VALUES('1409040796756721665','1409040796698001409','USER','1','用户表','USER_ID','[{"columnName":"USER_ID","comment":"主键"},{"columnName":"LOGIN_NAME","comment":"登录名"},{"columnName":"USER_NAME","comment":"姓名"},{"columnName":"AGE","comment":"年龄"},{"columnName":"SEX","comment":"性别"},{"columnName":"ADDRESS","comment":"地址"},{"columnName":"ORG_ID","comment":"所属机构ID"}]',null,null,'sa','2021-06-27 14:47:59.315000','sa','2021-06-27 14:47:59.315000');
INSERT INTO "BIANMU"."B_METADATA_DETAILS"("ID","METADATA_ID","TABLE_NAME","MASTER","TABLE_COMMENT","TABLE_PRIMARY_COLUMN","TABLE_COLUMNS","FOREIGN_TABLE","FOREIGN_COLUMN","CREATE_USER","CREATE_TIME","MODIFY_USER","MODIFY_TIME") VALUES('1409473955877076993','1409473955851911170','SYS_USER','1','系统用户表','USER_ID','[{"columnName":"USER_ID","comment":"用户id"},{"columnName":"LOGIN_NAME","comment":"登录名"},{"columnName":"USER_NAME","comment":"用户名称"},{"columnName":"PASSWORD","comment":"登录密码"},{"columnName":"VALID","comment":"是否允许登录系统（0：不允许，1：允许）"},{"columnName":"LIMITED_IP","comment":"限制允许登录的IP集合"},{"columnName":"EXPIRED_TIME","comment":"账号失效时间，超过时间将不能登录系统"},{"columnName":"LAST_CHANGE_PWD_TIME","comment":"最近修改密码时间，超出时间间隔，提示用户修改密码"},{"columnName":"LIMIT_MULTI_LOGIN","comment":"是否允许账号同一个时刻多人在线，（0：不允许，1：允许）"},{"columnName":"CREATE_TIME","comment":"创建时间"},{"columnName":"MODIFY_TIME","comment":"修改时间"},{"columnName":"ORG_ID","comment":"组织机构ID"},{"columnName":"CREATE_USER","comment":"创建用户"},{"columnName":"MODIFY_USER","comment":"修改用户"},{"columnName":"IS_DELETE","comment":"是否删除（0：未删除，1：已删除）"}]','SYS_ORG','ORG_ID','sa','2021-06-28 19:29:12.497000','sa','2021-06-28 19:29:12.497000');
INSERT INTO "BIANMU"."B_METADATA_DETAILS"("ID","METADATA_ID","TABLE_NAME","MASTER","TABLE_COMMENT","TABLE_PRIMARY_COLUMN","TABLE_COLUMNS","FOREIGN_TABLE","FOREIGN_COLUMN","CREATE_USER","CREATE_TIME","MODIFY_USER","MODIFY_TIME") VALUES('1409473955881271298','1409473955851911170','SYS_ORG','0','组织机构表','ID','[{"columnName":"ID","comment":"主键"},{"columnName":"ORG_NUMBER","comment":"机构编号"},{"columnName":"ORG_NAME","comment":"机构名称"},{"columnName":"ORG_SHORT_NAME","comment":"机构简称"},{"columnName":"ORG_PARENT_ID","comment":"父机构ID"},{"columnName":"ORG_PATH","comment":"机构路径"},{"columnName":"LEADER","comment":"机构负责人"},{"columnName":"REMARK","comment":"机构描述"},{"columnName":"SORT","comment":"排列顺序"},{"columnName":"IS_DELETE","comment":"是否删除（0：未删除，1：已删除）"},{"columnName":"CREATE_TIME","comment":"创建时间"},{"columnName":"CREATE_USER","comment":"创建用户"},{"columnName":"MODIFY_TIME","comment":"修改时间"},{"columnName":"MODIFY_USER","comment":"修改用户"},{"columnName":"ORG_PARENT_NAME","comment":"父机构名称"},{"columnName":"LEADER_NAME","comment":"机构负责人名称"}]',null,null,'sa','2021-06-28 19:29:12.498000','sa','2021-06-28 19:29:12.498000');

INSERT INTO "BIANMU"."B_REVIEW_RECORD"("ID","ENTITY_ID","ENTITY_TYPE","REVIEW_OPERATE","REVIEW_OPINION","CREATE_USER","CREATE_TIME","MODIFY_USER","MODIFY_TIME","ORG_ID") VALUES('1400738679092654082','1398219100487315457','METADATA','SUBMITTED',null,'admin','2021-06-04 16:58:20.221000','admin','2021-06-04 16:58:20.221000','ROOT');
INSERT INTO "BIANMU"."B_REVIEW_RECORD"("ID","ENTITY_ID","ENTITY_TYPE","REVIEW_OPERATE","REVIEW_OPINION","CREATE_USER","CREATE_TIME","MODIFY_USER","MODIFY_TIME","ORG_ID") VALUES('1400738848068579329','1399283902471143426','METADATA','SUBMITTED',null,'admin','2021-06-04 16:59:00.506000','admin','2021-06-04 16:59:00.506000','ROOT');
INSERT INTO "BIANMU"."B_REVIEW_RECORD"("ID","ENTITY_ID","ENTITY_TYPE","REVIEW_OPERATE","REVIEW_OPINION","CREATE_USER","CREATE_TIME","MODIFY_USER","MODIFY_TIME","ORG_ID") VALUES('1400738870713626625','1399304370624376834','METADATA','SUBMITTED',null,'admin','2021-06-04 16:59:05.904000','admin','2021-06-04 16:59:05.904000','ROOT');
INSERT INTO "BIANMU"."B_REVIEW_RECORD"("ID","ENTITY_ID","ENTITY_TYPE","REVIEW_OPERATE","REVIEW_OPINION","CREATE_USER","CREATE_TIME","MODIFY_USER","MODIFY_TIME","ORG_ID") VALUES('1400738874241036289','1399304695158648833','METADATA','SUBMITTED',null,'admin','2021-06-04 16:59:06.745000','admin','2021-06-04 16:59:06.745000','ROOT');
INSERT INTO "BIANMU"."B_REVIEW_RECORD"("ID","ENTITY_ID","ENTITY_TYPE","REVIEW_OPERATE","REVIEW_OPINION","CREATE_USER","CREATE_TIME","MODIFY_USER","MODIFY_TIME","ORG_ID") VALUES('1400738880381497345','1399304908799717377','METADATA','SUBMITTED',null,'admin','2021-06-04 16:59:08.209000','admin','2021-06-04 16:59:08.209000','ROOT');
INSERT INTO "BIANMU"."B_REVIEW_RECORD"("ID","ENTITY_ID","ENTITY_TYPE","REVIEW_OPERATE","REVIEW_OPINION","CREATE_USER","CREATE_TIME","MODIFY_USER","MODIFY_TIME","ORG_ID") VALUES('1400740298215632898','1400274538598969346','DIRECTORY','SUBMITTED',null,'admin','2021-06-04 17:04:46.247000','admin','2021-06-04 17:04:46.247000','ROOT');
INSERT INTO "BIANMU"."B_REVIEW_RECORD"("ID","ENTITY_ID","ENTITY_TYPE","REVIEW_OPERATE","REVIEW_OPINION","CREATE_USER","CREATE_TIME","MODIFY_USER","MODIFY_TIME","ORG_ID") VALUES('1400756001756917762','1400274538598969346','DIRECTORY','PASS',null,'admin','2021-06-04 18:07:10.263000','admin','2021-06-04 18:07:10.263000','ROOT');
INSERT INTO "BIANMU"."B_REVIEW_RECORD"("ID","ENTITY_ID","ENTITY_TYPE","REVIEW_OPERATE","REVIEW_OPINION","CREATE_USER","CREATE_TIME","MODIFY_USER","MODIFY_TIME","ORG_ID") VALUES('1400756125631492098','1399304908799717377','METADATA','PASS',null,'admin','2021-06-04 18:07:39.797000','admin','2021-06-04 18:07:39.797000','ROOT');
INSERT INTO "BIANMU"."B_REVIEW_RECORD"("ID","ENTITY_ID","ENTITY_TYPE","REVIEW_OPERATE","REVIEW_OPINION","CREATE_USER","CREATE_TIME","MODIFY_USER","MODIFY_TIME","ORG_ID") VALUES('1401008824767721473','1399304695158648833','METADATA','FAIL','4','admin','2021-06-05 10:51:47.966000','admin','2021-06-05 10:51:47.966000','ROOT');
INSERT INTO "BIANMU"."B_REVIEW_RECORD"("ID","ENTITY_ID","ENTITY_TYPE","REVIEW_OPERATE","REVIEW_OPINION","CREATE_USER","CREATE_TIME","MODIFY_USER","MODIFY_TIME","ORG_ID") VALUES('1401009238418370561','1399304370624376834','METADATA','PASS','ddd','admin','2021-06-05 10:53:26.588000','admin','2021-06-05 10:53:26.588000','ROOT');
INSERT INTO "BIANMU"."B_REVIEW_RECORD"("ID","ENTITY_ID","ENTITY_TYPE","REVIEW_OPERATE","REVIEW_OPINION","CREATE_USER","CREATE_TIME","MODIFY_USER","MODIFY_TIME","ORG_ID") VALUES('1401010234322300930','1399304695158648833','METADATA','SUBMITTED',null,'admin','2021-06-05 10:57:24.030000','admin','2021-06-05 10:57:24.030000','ROOT');
INSERT INTO "BIANMU"."B_REVIEW_RECORD"("ID","ENTITY_ID","ENTITY_TYPE","REVIEW_OPERATE","REVIEW_OPINION","CREATE_USER","CREATE_TIME","MODIFY_USER","MODIFY_TIME","ORG_ID") VALUES('1401010275258707970','1399304695158648833','METADATA','FAIL','ttt','admin','2021-06-05 10:57:33.790000','admin','2021-06-05 10:57:33.790000','ROOT');
INSERT INTO "BIANMU"."B_REVIEW_RECORD"("ID","ENTITY_ID","ENTITY_TYPE","REVIEW_OPERATE","REVIEW_OPINION","CREATE_USER","CREATE_TIME","MODIFY_USER","MODIFY_TIME","ORG_ID") VALUES('1403229041086382081','1403227938827485186','DIRECTORY','SUBMITTED',null,'sa','2021-06-11 13:54:08.786000','sa','2021-06-11 13:54:08.786000','ROOT');
INSERT INTO "BIANMU"."B_REVIEW_RECORD"("ID","ENTITY_ID","ENTITY_TYPE","REVIEW_OPERATE","REVIEW_OPINION","CREATE_USER","CREATE_TIME","MODIFY_USER","MODIFY_TIME","ORG_ID") VALUES('1403229102780399618','1403227938827485186','DIRECTORY','PASS','qwe','sa','2021-06-11 13:54:23.495000','sa','2021-06-11 13:54:23.495000','ROOT');
INSERT INTO "BIANMU"."B_REVIEW_RECORD"("ID","ENTITY_ID","ENTITY_TYPE","REVIEW_OPERATE","REVIEW_OPINION","CREATE_USER","CREATE_TIME","MODIFY_USER","MODIFY_TIME","ORG_ID") VALUES('1403294412472504321','1403294396689338370','METADATA','SUBMITTED',null,'1402429787635867650','2021-06-11 18:13:54.539000','1402429787635867650','2021-06-11 18:13:54.539000','120200');
INSERT INTO "BIANMU"."B_REVIEW_RECORD"("ID","ENTITY_ID","ENTITY_TYPE","REVIEW_OPERATE","REVIEW_OPINION","CREATE_USER","CREATE_TIME","MODIFY_USER","MODIFY_TIME","ORG_ID") VALUES('1404631635998420994','1403294396689338370','METADATA','FAIL','1233','1402167433308295170','2021-06-15 10:47:33.473000','1402167433308295170','2021-06-15 10:47:33.473000','120200');
INSERT INTO "BIANMU"."B_REVIEW_RECORD"("ID","ENTITY_ID","ENTITY_TYPE","REVIEW_OPERATE","REVIEW_OPINION","CREATE_USER","CREATE_TIME","MODIFY_USER","MODIFY_TIME","ORG_ID") VALUES('1406877011241476098','1406876883193569281','METADATA','SUBMITTED',null,'sa','2021-06-21 15:29:52.647000','sa','2021-06-21 15:29:52.647000','ROOT');
INSERT INTO "BIANMU"."B_REVIEW_RECORD"("ID","ENTITY_ID","ENTITY_TYPE","REVIEW_OPERATE","REVIEW_OPINION","CREATE_USER","CREATE_TIME","MODIFY_USER","MODIFY_TIME","ORG_ID") VALUES('1406877134155554818','1406876883193569281','METADATA','FAIL','不通过','sa','2021-06-21 15:30:21.954000','sa','2021-06-21 15:30:21.954000','ROOT');
INSERT INTO "BIANMU"."B_REVIEW_RECORD"("ID","ENTITY_ID","ENTITY_TYPE","REVIEW_OPERATE","REVIEW_OPINION","CREATE_USER","CREATE_TIME","MODIFY_USER","MODIFY_TIME","ORG_ID") VALUES('1406877808570277889','1406877498573463553','DIRECTORY','SUBMITTED',null,'sa','2021-06-21 15:33:02.745000','sa','2021-06-21 15:33:02.745000','ROOT');
INSERT INTO "BIANMU"."B_REVIEW_RECORD"("ID","ENTITY_ID","ENTITY_TYPE","REVIEW_OPERATE","REVIEW_OPINION","CREATE_USER","CREATE_TIME","MODIFY_USER","MODIFY_TIME","ORG_ID") VALUES('1407298165806632962','1398219100487315457','METADATA','FAIL','啊啊啊','sa','2021-06-22 19:23:23.722000','sa','2021-06-22 19:23:23.723000','ROOT');
INSERT INTO "BIANMU"."B_REVIEW_RECORD"("ID","ENTITY_ID","ENTITY_TYPE","REVIEW_OPERATE","REVIEW_OPINION","CREATE_USER","CREATE_TIME","MODIFY_USER","MODIFY_TIME","ORG_ID") VALUES('1407298186698461185','1399283902471143426','METADATA','FAIL','啊啊啊','sa','2021-06-22 19:23:28.701000','sa','2021-06-22 19:23:28.701000','ROOT');
INSERT INTO "BIANMU"."B_REVIEW_RECORD"("ID","ENTITY_ID","ENTITY_TYPE","REVIEW_OPERATE","REVIEW_OPINION","CREATE_USER","CREATE_TIME","MODIFY_USER","MODIFY_TIME","ORG_ID") VALUES('1407620067154636802','1406877498573463553','DIRECTORY','FAIL','不通过','sa','2021-06-23 16:42:30.984000','sa','2021-06-23 16:42:30.984000','ROOT');
INSERT INTO "BIANMU"."B_REVIEW_RECORD"("ID","ENTITY_ID","ENTITY_TYPE","REVIEW_OPERATE","REVIEW_OPINION","CREATE_USER","CREATE_TIME","MODIFY_USER","MODIFY_TIME","ORG_ID") VALUES('1409040822019014658','1409040796698001409','METADATA','SUBMITTED',null,'sa','2021-06-27 14:48:05.338000','sa','2021-06-27 14:48:05.338000','ROOT');
INSERT INTO "BIANMU"."B_REVIEW_RECORD"("ID","ENTITY_ID","ENTITY_TYPE","REVIEW_OPERATE","REVIEW_OPINION","CREATE_USER","CREATE_TIME","MODIFY_USER","MODIFY_TIME","ORG_ID") VALUES('1409040882819645442','1409040796698001409','METADATA','PASS','通过','sa','2021-06-27 14:48:19.834000','sa','2021-06-27 14:48:19.834000','ROOT');
INSERT INTO "BIANMU"."B_REVIEW_RECORD"("ID","ENTITY_ID","ENTITY_TYPE","REVIEW_OPERATE","REVIEW_OPINION","CREATE_USER","CREATE_TIME","MODIFY_USER","MODIFY_TIME","ORG_ID") VALUES('1411915402983174145','1406877498573463553','DIRECTORY','SUBMITTED',null,'sa','2021-07-05 13:10:38.847000','sa','2021-07-05 13:10:38.847000','ROOT');
INSERT INTO "BIANMU"."B_REVIEW_RECORD"("ID","ENTITY_ID","ENTITY_TYPE","REVIEW_OPERATE","REVIEW_OPINION","CREATE_USER","CREATE_TIME","MODIFY_USER","MODIFY_TIME","ORG_ID") VALUES('1411915520645984257','1406877498573463553','DIRECTORY','PASS','通过','sa','2021-07-05 13:11:06.900000','sa','2021-07-05 13:11:06.900000','ROOT');
INSERT INTO "BIANMU"."B_REVIEW_RECORD"("ID","ENTITY_ID","ENTITY_TYPE","REVIEW_OPERATE","REVIEW_OPINION","CREATE_USER","CREATE_TIME","MODIFY_USER","MODIFY_TIME","ORG_ID") VALUES('1411916103775875074','1406877498573463553','DIRECTORY','SUBMITTED',null,'sa','2021-07-05 13:13:25.929000','sa','2021-07-05 13:13:25.929000','ROOT');
INSERT INTO "BIANMU"."B_REVIEW_RECORD"("ID","ENTITY_ID","ENTITY_TYPE","REVIEW_OPERATE","REVIEW_OPINION","CREATE_USER","CREATE_TIME","MODIFY_USER","MODIFY_TIME","ORG_ID") VALUES('1411916137498079234','1406877498573463553','DIRECTORY','PASS','啊啊','sa','2021-07-05 13:13:33.969000','sa','2021-07-05 13:13:33.970000','ROOT');
INSERT INTO "BIANMU"."B_REVIEW_RECORD"("ID","ENTITY_ID","ENTITY_TYPE","REVIEW_OPERATE","REVIEW_OPINION","CREATE_USER","CREATE_TIME","MODIFY_USER","MODIFY_TIME","ORG_ID") VALUES('1411917231640997889','1406877498573463553','DIRECTORY','SUBMITTED',null,'sa','2021-07-05 13:17:54.833000','sa','2021-07-05 13:17:54.833000','ROOT');
INSERT INTO "BIANMU"."B_REVIEW_RECORD"("ID","ENTITY_ID","ENTITY_TYPE","REVIEW_OPERATE","REVIEW_OPINION","CREATE_USER","CREATE_TIME","MODIFY_USER","MODIFY_TIME","ORG_ID") VALUES('1411917337069023233','1406877498573463553','DIRECTORY','PASS','00','sa','2021-07-05 13:18:19.969000','sa','2021-07-05 13:18:19.970000','ROOT');
INSERT INTO "BIANMU"."B_REVIEW_RECORD"("ID","ENTITY_ID","ENTITY_TYPE","REVIEW_OPERATE","REVIEW_OPINION","CREATE_USER","CREATE_TIME","MODIFY_USER","MODIFY_TIME","ORG_ID") VALUES('1411917426843906049','1406877498573463553','DIRECTORY','PASS','00','sa','2021-07-05 13:18:41.374000','sa','2021-07-05 13:18:41.374000','ROOT');
INSERT INTO "BIANMU"."B_REVIEW_RECORD"("ID","ENTITY_ID","ENTITY_TYPE","REVIEW_OPERATE","REVIEW_OPINION","CREATE_USER","CREATE_TIME","MODIFY_USER","MODIFY_TIME","ORG_ID") VALUES('1411921835141255169','1401834794357506049','DIRECTORY','SUBMITTED',null,'sa','2021-07-05 13:36:12.395000','sa','2021-07-05 13:36:12.395000','ROOT');
INSERT INTO "BIANMU"."B_REVIEW_RECORD"("ID","ENTITY_ID","ENTITY_TYPE","REVIEW_OPERATE","REVIEW_OPINION","CREATE_USER","CREATE_TIME","MODIFY_USER","MODIFY_TIME","ORG_ID") VALUES('1411921890216660993','1401834794357506049','DIRECTORY','PASS','11','sa','2021-07-05 13:36:25.524000','sa','2021-07-05 13:36:25.524000','ROOT');
INSERT INTO "BIANMU"."B_REVIEW_RECORD"("ID","ENTITY_ID","ENTITY_TYPE","REVIEW_OPERATE","REVIEW_OPINION","CREATE_USER","CREATE_TIME","MODIFY_USER","MODIFY_TIME","ORG_ID") VALUES('1411929168739192833','1401834794357506049','DIRECTORY','SUBMITTED',null,'sa','2021-07-05 14:05:20.859000','sa','2021-07-05 14:05:20.859000','ROOT');
INSERT INTO "BIANMU"."B_REVIEW_RECORD"("ID","ENTITY_ID","ENTITY_TYPE","REVIEW_OPERATE","REVIEW_OPINION","CREATE_USER","CREATE_TIME","MODIFY_USER","MODIFY_TIME","ORG_ID") VALUES('1411929312230526977','1401834794357506049','DIRECTORY','PASS','33','sa','2021-07-05 14:05:55.071000','sa','2021-07-05 14:05:55.071000','ROOT');
INSERT INTO "BIANMU"."B_REVIEW_RECORD"("ID","ENTITY_ID","ENTITY_TYPE","REVIEW_OPERATE","REVIEW_OPINION","CREATE_USER","CREATE_TIME","MODIFY_USER","MODIFY_TIME","ORG_ID") VALUES('1411930215629082626','1406877498573463553','DIRECTORY','SUBMITTED',null,'sa','2021-07-05 14:09:30.457000','sa','2021-07-05 14:09:30.457000','ROOT');
INSERT INTO "BIANMU"."B_REVIEW_RECORD"("ID","ENTITY_ID","ENTITY_TYPE","REVIEW_OPERATE","REVIEW_OPINION","CREATE_USER","CREATE_TIME","MODIFY_USER","MODIFY_TIME","ORG_ID") VALUES('1411930249074462721','1406877498573463553','DIRECTORY','PASS','--','sa','2021-07-05 14:09:38.431000','sa','2021-07-05 14:09:38.431000','ROOT');
INSERT INTO "BIANMU"."B_REVIEW_RECORD"("ID","ENTITY_ID","ENTITY_TYPE","REVIEW_OPERATE","REVIEW_OPINION","CREATE_USER","CREATE_TIME","MODIFY_USER","MODIFY_TIME","ORG_ID") VALUES('1412587932102414337','1407653103283879937','DIRECTORY','SUBMITTED',null,'sa','2021-07-07 09:43:02.284000','sa','2021-07-07 09:43:02.285000','ROOT');
INSERT INTO "BIANMU"."B_REVIEW_RECORD"("ID","ENTITY_ID","ENTITY_TYPE","REVIEW_OPERATE","REVIEW_OPINION","CREATE_USER","CREATE_TIME","MODIFY_USER","MODIFY_TIME","ORG_ID") VALUES('1412588355693563906','1407653524350058497','DIRECTORY','SUBMITTED',null,'sa','2021-07-07 09:44:43.276000','sa','2021-07-07 09:44:43.276000','ROOT');
INSERT INTO "BIANMU"."B_REVIEW_RECORD"("ID","ENTITY_ID","ENTITY_TYPE","REVIEW_OPERATE","REVIEW_OPINION","CREATE_USER","CREATE_TIME","MODIFY_USER","MODIFY_TIME","ORG_ID") VALUES('1412588398588710913','1407653103283879937','DIRECTORY','PASS','没问题','sa','2021-07-07 09:44:53.503000','sa','2021-07-07 09:44:53.503000','ROOT');
INSERT INTO "BIANMU"."B_REVIEW_RECORD"("ID","ENTITY_ID","ENTITY_TYPE","REVIEW_OPERATE","REVIEW_OPINION","CREATE_USER","CREATE_TIME","MODIFY_USER","MODIFY_TIME","ORG_ID") VALUES('1412588424408846337','1407653524350058497','DIRECTORY','PASS','通过','sa','2021-07-07 09:44:59.659000','sa','2021-07-07 09:44:59.659000','ROOT');
INSERT INTO "BIANMU"."B_REVIEW_RECORD"("ID","ENTITY_ID","ENTITY_TYPE","REVIEW_OPERATE","REVIEW_OPINION","CREATE_USER","CREATE_TIME","MODIFY_USER","MODIFY_TIME","ORG_ID") VALUES('1412675969201135617','1407653524350058497','DIRECTORY','SUBMITTED',null,'sa','2021-07-07 15:32:51.965000','sa','2021-07-07 15:32:51.965000','ROOT');
INSERT INTO "BIANMU"."B_REVIEW_RECORD"("ID","ENTITY_ID","ENTITY_TYPE","REVIEW_OPERATE","REVIEW_OPINION","CREATE_USER","CREATE_TIME","MODIFY_USER","MODIFY_TIME","ORG_ID") VALUES('1412676008996691970','1407653524350058497','DIRECTORY','PASS','在','sa','2021-07-07 15:33:01.452000','sa','2021-07-07 15:33:01.452000','ROOT');
INSERT INTO "BIANMU"."B_REVIEW_RECORD"("ID","ENTITY_ID","ENTITY_TYPE","REVIEW_OPERATE","REVIEW_OPINION","CREATE_USER","CREATE_TIME","MODIFY_USER","MODIFY_TIME","ORG_ID") VALUES('1412687063785320449','1407653103283879937','DIRECTORY','SUBMITTED',null,'sa','2021-07-07 16:16:57.120000','sa','2021-07-07 16:16:57.120000','ROOT');
INSERT INTO "BIANMU"."B_REVIEW_RECORD"("ID","ENTITY_ID","ENTITY_TYPE","REVIEW_OPERATE","REVIEW_OPINION","CREATE_USER","CREATE_TIME","MODIFY_USER","MODIFY_TIME","ORG_ID") VALUES('1412687102440026113','1407653103283879937','DIRECTORY','PASS','4','sa','2021-07-07 16:17:06.335000','sa','2021-07-07 16:17:06.335000','ROOT');
INSERT INTO "BIANMU"."B_REVIEW_RECORD"("ID","ENTITY_ID","ENTITY_TYPE","REVIEW_OPERATE","REVIEW_OPINION","CREATE_USER","CREATE_TIME","MODIFY_USER","MODIFY_TIME","ORG_ID") VALUES('1412688942556688386','1407653524350058497','DIRECTORY','SUBMITTED',null,'sa','2021-07-07 16:24:25.053000','sa','2021-07-07 16:24:25.053000','ROOT');
INSERT INTO "BIANMU"."B_REVIEW_RECORD"("ID","ENTITY_ID","ENTITY_TYPE","REVIEW_OPERATE","REVIEW_OPINION","CREATE_USER","CREATE_TIME","MODIFY_USER","MODIFY_TIME","ORG_ID") VALUES('1412689607139962882','1407653524350058497','DIRECTORY','SUBMITTED',null,'sa','2021-07-07 16:27:03.502000','sa','2021-07-07 16:27:03.502000','ROOT');
INSERT INTO "BIANMU"."B_REVIEW_RECORD"("ID","ENTITY_ID","ENTITY_TYPE","REVIEW_OPERATE","REVIEW_OPINION","CREATE_USER","CREATE_TIME","MODIFY_USER","MODIFY_TIME","ORG_ID") VALUES('1412689688870170625','1407653524350058497','DIRECTORY','PASS','o','sa','2021-07-07 16:27:22.988000','sa','2021-07-07 16:27:22.988000','ROOT');
INSERT INTO "BIANMU"."B_REVIEW_RECORD"("ID","ENTITY_ID","ENTITY_TYPE","REVIEW_OPERATE","REVIEW_OPINION","CREATE_USER","CREATE_TIME","MODIFY_USER","MODIFY_TIME","ORG_ID") VALUES('1412967047326265346','1407653103283879937','DIRECTORY','SUBMITTED',null,'sa','2021-07-08 10:49:30.398000','sa','2021-07-08 10:49:30.398000','ROOT');
INSERT INTO "BIANMU"."B_REVIEW_RECORD"("ID","ENTITY_ID","ENTITY_TYPE","REVIEW_OPERATE","REVIEW_OPINION","CREATE_USER","CREATE_TIME","MODIFY_USER","MODIFY_TIME","ORG_ID") VALUES('1412967076661227521','1407653103283879937','DIRECTORY','PASS','啊','sa','2021-07-08 10:49:37.391000','sa','2021-07-08 10:49:37.391000','ROOT');
INSERT INTO "BIANMU"."B_REVIEW_RECORD"("ID","ENTITY_ID","ENTITY_TYPE","REVIEW_OPERATE","REVIEW_OPINION","CREATE_USER","CREATE_TIME","MODIFY_USER","MODIFY_TIME","ORG_ID") VALUES('1412967435215499266','1407653524350058497','DIRECTORY','SUBMITTED',null,'sa','2021-07-08 10:51:02.877000','sa','2021-07-08 10:51:02.877000','ROOT');
INSERT INTO "BIANMU"."B_REVIEW_RECORD"("ID","ENTITY_ID","ENTITY_TYPE","REVIEW_OPERATE","REVIEW_OPINION","CREATE_USER","CREATE_TIME","MODIFY_USER","MODIFY_TIME","ORG_ID") VALUES('1412967462633664513','1407653524350058497','DIRECTORY','PASS','3','sa','2021-07-08 10:51:09.415000','sa','2021-07-08 10:51:09.415000','ROOT');
INSERT INTO "BIANMU"."B_REVIEW_RECORD"("ID","ENTITY_ID","ENTITY_TYPE","REVIEW_OPERATE","REVIEW_OPINION","CREATE_USER","CREATE_TIME","MODIFY_USER","MODIFY_TIME","ORG_ID") VALUES('1413104634749734914','1407653103283879937','DIRECTORY','SUBMITTED',null,'sa','2021-07-08 19:56:13.796000','sa','2021-07-08 19:56:13.796000','ROOT');
INSERT INTO "BIANMU"."B_REVIEW_RECORD"("ID","ENTITY_ID","ENTITY_TYPE","REVIEW_OPERATE","REVIEW_OPINION","CREATE_USER","CREATE_TIME","MODIFY_USER","MODIFY_TIME","ORG_ID") VALUES('1413104644627320833','1407653524350058497','DIRECTORY','SUBMITTED',null,'sa','2021-07-08 19:56:16.150000','sa','2021-07-08 19:56:16.151000','ROOT');
INSERT INTO "BIANMU"."B_REVIEW_RECORD"("ID","ENTITY_ID","ENTITY_TYPE","REVIEW_OPERATE","REVIEW_OPINION","CREATE_USER","CREATE_TIME","MODIFY_USER","MODIFY_TIME","ORG_ID") VALUES('1413104674377519106','1407653103283879937','DIRECTORY','PASS','吃 ','sa','2021-07-08 19:56:23.243000','sa','2021-07-08 19:56:23.243000','ROOT');
INSERT INTO "BIANMU"."B_REVIEW_RECORD"("ID","ENTITY_ID","ENTITY_TYPE","REVIEW_OPERATE","REVIEW_OPINION","CREATE_USER","CREATE_TIME","MODIFY_USER","MODIFY_TIME","ORG_ID") VALUES('1413104693692289026','1407653524350058497','DIRECTORY','PASS','是','sa','2021-07-08 19:56:27.850000','sa','2021-07-08 19:56:27.850000','ROOT');
INSERT INTO "BIANMU"."B_REVIEW_RECORD"("ID","ENTITY_ID","ENTITY_TYPE","REVIEW_OPERATE","REVIEW_OPINION","CREATE_USER","CREATE_TIME","MODIFY_USER","MODIFY_TIME","ORG_ID") VALUES('1413105740737331201','1407653103283879937','DIRECTORY','SUBMITTED',null,'sa','2021-07-08 20:00:37.483000','sa','2021-07-08 20:00:37.483000','ROOT');
INSERT INTO "BIANMU"."B_REVIEW_RECORD"("ID","ENTITY_ID","ENTITY_TYPE","REVIEW_OPERATE","REVIEW_OPINION","CREATE_USER","CREATE_TIME","MODIFY_USER","MODIFY_TIME","ORG_ID") VALUES('1413105747578241025','1407653524350058497','DIRECTORY','SUBMITTED',null,'sa','2021-07-08 20:00:39.114000','sa','2021-07-08 20:00:39.114000','ROOT');
INSERT INTO "BIANMU"."B_REVIEW_RECORD"("ID","ENTITY_ID","ENTITY_TYPE","REVIEW_OPERATE","REVIEW_OPINION","CREATE_USER","CREATE_TIME","MODIFY_USER","MODIFY_TIME","ORG_ID") VALUES('1413105765714411521','1407653103283879937','DIRECTORY','PASS','1','sa','2021-07-08 20:00:43.438000','sa','2021-07-08 20:00:43.438000','ROOT');
INSERT INTO "BIANMU"."B_REVIEW_RECORD"("ID","ENTITY_ID","ENTITY_TYPE","REVIEW_OPERATE","REVIEW_OPINION","CREATE_USER","CREATE_TIME","MODIFY_USER","MODIFY_TIME","ORG_ID") VALUES('1413105778658033665','1407653524350058497','DIRECTORY','PASS','2','sa','2021-07-08 20:00:46.524000','sa','2021-07-08 20:00:46.524000','ROOT');

INSERT INTO "BIANMU"."PERSISTENT_LOGINS"("SERIES","USERNAME","TOKEN","LAST_USED") VALUES('S0iEc1I2CYGsLYJjkul0sQ==','sa','LxGagFSpK0voSLkoch+Jtw==','2021-07-09 17:33:11');

INSERT INTO "BIANMU"."SYS_FILE"("ID","ENTITY_ID","FILE_NAME","FILE_SUFFIX","FILE_TYPE","FILE_SIZE","LOCATION","PATH","CREATE_USER","CREATE_TIME","MODIFY_USER","MODIFY_TIME","ENTRYSTAFF","EQUIPMENTMODEL","INPUTDATE","SOURCE","TASKCODE","TROOPCODE","TARGETNUMBER","MISSILENUMBER","TASKNATURE") VALUES('1401863529295241218','1401863559196434433','layui-v2.6.6','.zip','zip',0.020000,'local','202106158/10e282c8bccd4c4abe007df934edb7b0.zip','admin','2021-06-07 19:28:05.405000','admin','2021-06-07 19:28:05.405000',null,null,null,null,null,null,null,null,null);
INSERT INTO "BIANMU"."SYS_FILE"("ID","ENTITY_ID","FILE_NAME","FILE_SUFFIX","FILE_TYPE","FILE_SIZE","LOCATION","PATH","CREATE_USER","CREATE_TIME","MODIFY_USER","MODIFY_TIME","ENTRYSTAFF","EQUIPMENTMODEL","INPUTDATE","SOURCE","TASKCODE","TROOPCODE","TARGETNUMBER","MISSILENUMBER","TASKNATURE") VALUES('1401863529295241219','1401863559196434433','layui-v2.6.7','.zip','zip',0.020000,'local','202106158/fed8366410694402971f94c6d1094608.zip','admin','2021-06-07 19:28:05.405000','admin','2021-06-07 19:28:05.405000',null,null,null,null,null,null,null,null,null);
INSERT INTO "BIANMU"."SYS_FILE"("ID","ENTITY_ID","FILE_NAME","FILE_SUFFIX","FILE_TYPE","FILE_SIZE","LOCATION","PATH","CREATE_USER","CREATE_TIME","MODIFY_USER","MODIFY_TIME","ENTRYSTAFF","EQUIPMENTMODEL","INPUTDATE","SOURCE","TASKCODE","TROOPCODE","TARGETNUMBER","MISSILENUMBER","TASKNATURE") VALUES('1402828054349647874','1402828055251423234','微信截图_20210610105608','.png','png',0.078900,'local','202106161/a956da6c5be14fb2aff1c9587ec7f16f.png','sa','2021-06-10 11:20:46.099000','sa','2021-06-10 11:20:46.102000',null,null,null,null,null,null,null,null,null);
INSERT INTO "BIANMU"."SYS_FILE"("ID","ENTITY_ID","FILE_NAME","FILE_SUFFIX","FILE_TYPE","FILE_SIZE","LOCATION","PATH","CREATE_USER","CREATE_TIME","MODIFY_USER","MODIFY_TIME","ENTRYSTAFF","EQUIPMENTMODEL","INPUTDATE","SOURCE","TASKCODE","TROOPCODE","TARGETNUMBER","MISSILENUMBER","TASKNATURE") VALUES('1402828054349647875','1402828055251423234','微信截图_20210610105543','.png','png',0.139968,'local','202106161/af5aad67f0c84710a0b87f1e843633bd.png','sa','2021-06-10 11:20:46.099000','sa','2021-06-10 11:20:46.102000',null,null,null,null,null,null,null,null,null);
INSERT INTO "BIANMU"."SYS_FILE"("ID","ENTITY_ID","FILE_NAME","FILE_SUFFIX","FILE_TYPE","FILE_SIZE","LOCATION","PATH","CREATE_USER","CREATE_TIME","MODIFY_USER","MODIFY_TIME","ENTRYSTAFF","EQUIPMENTMODEL","INPUTDATE","SOURCE","TASKCODE","TROOPCODE","TARGETNUMBER","MISSILENUMBER","TASKNATURE") VALUES('1402828054349647876','1402828055251423234','微信截图_20210610105713','.png','png',0.109544,'local','202106161/2dfedbb5011a4d929e8daa18dd32dbf5.png','sa','2021-06-10 11:20:46.099000','sa','2021-06-10 11:20:46.102000',null,null,null,null,null,null,null,null,null);
INSERT INTO "BIANMU"."SYS_FILE"("ID","ENTITY_ID","FILE_NAME","FILE_SUFFIX","FILE_TYPE","FILE_SIZE","LOCATION","PATH","CREATE_USER","CREATE_TIME","MODIFY_USER","MODIFY_TIME","ENTRYSTAFF","EQUIPMENTMODEL","INPUTDATE","SOURCE","TASKCODE","TROOPCODE","TARGETNUMBER","MISSILENUMBER","TASKNATURE") VALUES('1402828054349647877','1402828055251423234','微信截图_20210610105449','.png','png',0.079702,'local','202106161/5d940108fb4045f4a0abac91c09e9232.png','sa','2021-06-10 11:20:46.099000','sa','2021-06-10 11:20:46.102000',null,null,null,null,null,null,null,null,null);
INSERT INTO "BIANMU"."SYS_FILE"("ID","ENTITY_ID","FILE_NAME","FILE_SUFFIX","FILE_TYPE","FILE_SIZE","LOCATION","PATH","CREATE_USER","CREATE_TIME","MODIFY_USER","MODIFY_TIME","ENTRYSTAFF","EQUIPMENTMODEL","INPUTDATE","SOURCE","TASKCODE","TROOPCODE","TARGETNUMBER","MISSILENUMBER","TASKNATURE") VALUES('1402828054349647878','1402828055251423234','readme','.txt',null,0.001612,'local','202106161/76d950cafc6248ab9095a859e4a77887.txt','sa','2021-06-10 11:20:46.099000','sa','2021-06-10 11:20:46.102000',null,null,null,null,null,null,null,null,null);
INSERT INTO "BIANMU"."SYS_FILE"("ID","ENTITY_ID","FILE_NAME","FILE_SUFFIX","FILE_TYPE","FILE_SIZE","LOCATION","PATH","CREATE_USER","CREATE_TIME","MODIFY_USER","MODIFY_TIME","ENTRYSTAFF","EQUIPMENTMODEL","INPUTDATE","SOURCE","TASKCODE","TROOPCODE","TARGETNUMBER","MISSILENUMBER","TASKNATURE") VALUES('1402828054479671297','1402828055251423234','PUMA-GTE','.mp4',null,1.847482,'local','202106161/d256ff0f086943f0bd68e6bb3fbcfcea.mp4','sa','2021-06-10 11:20:46.129000','sa','2021-06-10 11:20:46.130000',null,null,null,null,null,null,null,null,null);
INSERT INTO "BIANMU"."SYS_FILE"("ID","ENTITY_ID","FILE_NAME","FILE_SUFFIX","FILE_TYPE","FILE_SIZE","LOCATION","PATH","CREATE_USER","CREATE_TIME","MODIFY_USER","MODIFY_TIME","ENTRYSTAFF","EQUIPMENTMODEL","INPUTDATE","SOURCE","TASKCODE","TROOPCODE","TARGETNUMBER","MISSILENUMBER","TASKNATURE") VALUES('1402828055150759938','1402828055251423234','DM8白皮书','.pdf','pdf',12.084458,'local','202106161/80e6c0ea1ef346b09af5f0988befcd3f.pdf','sa','2021-06-10 11:20:46.289000','sa','2021-06-10 11:20:46.290000',null,null,null,null,null,null,null,null,null);
INSERT INTO "BIANMU"."SYS_FILE"("ID","ENTITY_ID","FILE_NAME","FILE_SUFFIX","FILE_TYPE","FILE_SIZE","LOCATION","PATH","CREATE_USER","CREATE_TIME","MODIFY_USER","MODIFY_TIME","ENTRYSTAFF","EQUIPMENTMODEL","INPUTDATE","SOURCE","TASKCODE","TROOPCODE","TARGETNUMBER","MISSILENUMBER","TASKNATURE") VALUES('1402828055150759962','1402828055251423234','TurboDX','.docx','docx',0.002300,'local','202106161/80e6c0ea1ef346b09af5e0988aefcd4d.docx','sa','2021-06-10 11:20:46.289000','sa','2021-06-10 11:20:46.290000',null,null,null,null,null,null,null,null,null);
INSERT INTO "BIANMU"."SYS_FILE"("ID","ENTITY_ID","FILE_NAME","FILE_SUFFIX","FILE_TYPE","FILE_SIZE","LOCATION","PATH","CREATE_USER","CREATE_TIME","MODIFY_USER","MODIFY_TIME","ENTRYSTAFF","EQUIPMENTMODEL","INPUTDATE","SOURCE","TASKCODE","TROOPCODE","TARGETNUMBER","MISSILENUMBER","TASKNATURE") VALUES('1402935534043947010','1402935534245273602','DM8 DBA','.pdf','pdf',9.123042,'local','2021/06/161/d7eb17826efd45d28c409f2769cf00b6.pdf','sa','2021-06-10 18:27:51.255000','sa','2021-06-10 18:27:51.257000',null,null,null,null,null,null,null,null,null);
INSERT INTO "BIANMU"."SYS_FILE"("ID","ENTITY_ID","FILE_NAME","FILE_SUFFIX","FILE_TYPE","FILE_SIZE","LOCATION","PATH","CREATE_USER","CREATE_TIME","MODIFY_USER","MODIFY_TIME","ENTRYSTAFF","EQUIPMENTMODEL","INPUTDATE","SOURCE","TASKCODE","TROOPCODE","TARGETNUMBER","MISSILENUMBER","TASKNATURE") VALUES('1407936311166697474',null,'微信截图_20210610105713','.png','png',0.109544,'local','2021/06/175/4b8c2dcce7c943bd996dacfe46cc4fae.png','sa','2021-06-24 13:39:09.431000','sa','2021-06-24 13:39:09.431000',null,null,null,null,null,null,null,null,null);
INSERT INTO "BIANMU"."SYS_FILE"("ID","ENTITY_ID","FILE_NAME","FILE_SUFFIX","FILE_TYPE","FILE_SIZE","LOCATION","PATH","CREATE_USER","CREATE_TIME","MODIFY_USER","MODIFY_TIME","ENTRYSTAFF","EQUIPMENTMODEL","INPUTDATE","SOURCE","TASKCODE","TROOPCODE","TARGETNUMBER","MISSILENUMBER","TASKNATURE") VALUES('1407936311166697475',null,'微信截图_20210610105449','.png','png',0.079702,'local','2021/06/175/db663068ef6d45a7a5714b95eefd6978.png','sa','2021-06-24 13:39:09.431000','sa','2021-06-24 13:39:09.431000',null,null,null,null,null,null,null,null,null);
INSERT INTO "BIANMU"."SYS_FILE"("ID","ENTITY_ID","FILE_NAME","FILE_SUFFIX","FILE_TYPE","FILE_SIZE","LOCATION","PATH","CREATE_USER","CREATE_TIME","MODIFY_USER","MODIFY_TIME","ENTRYSTAFF","EQUIPMENTMODEL","INPUTDATE","SOURCE","TASKCODE","TROOPCODE","TARGETNUMBER","MISSILENUMBER","TASKNATURE") VALUES('1407936456910372865',null,'微信截图_20210610105449','.png','png',0.079702,'local','2021/06/175/03c01c7b06d546f2a4f3f36358fb6a5c.png','sa','2021-06-24 13:39:44.178000','sa','2021-06-24 13:39:44.178000',null,null,null,null,null,null,null,null,null);
INSERT INTO "BIANMU"."SYS_FILE"("ID","ENTITY_ID","FILE_NAME","FILE_SUFFIX","FILE_TYPE","FILE_SIZE","LOCATION","PATH","CREATE_USER","CREATE_TIME","MODIFY_USER","MODIFY_TIME","ENTRYSTAFF","EQUIPMENTMODEL","INPUTDATE","SOURCE","TASKCODE","TROOPCODE","TARGETNUMBER","MISSILENUMBER","TASKNATURE") VALUES('1407936456914567169',null,'微信截图_20210610105713','.png','png',0.109544,'local','2021/06/175/90af0c6348be4e378662d568a25f970d.png','sa','2021-06-24 13:39:44.179000','sa','2021-06-24 13:39:44.179000',null,null,null,null,null,null,null,null,null);
INSERT INTO "BIANMU"."SYS_FILE"("ID","ENTITY_ID","FILE_NAME","FILE_SUFFIX","FILE_TYPE","FILE_SIZE","LOCATION","PATH","CREATE_USER","CREATE_TIME","MODIFY_USER","MODIFY_TIME","ENTRYSTAFF","EQUIPMENTMODEL","INPUTDATE","SOURCE","TASKCODE","TROOPCODE","TARGETNUMBER","MISSILENUMBER","TASKNATURE") VALUES('1407941085857513474',null,'PUMA-GTE','.mp4','mp4',1.847482,'local','2021/06/175/a4f586666c854a64b1107a33c1313907.mp4','sa','2021-06-24 13:58:07.805000','sa','2021-06-24 13:58:07.806000',null,null,null,null,null,null,null,null,null);
INSERT INTO "BIANMU"."SYS_FILE"("ID","ENTITY_ID","FILE_NAME","FILE_SUFFIX","FILE_TYPE","FILE_SIZE","LOCATION","PATH","CREATE_USER","CREATE_TIME","MODIFY_USER","MODIFY_TIME","ENTRYSTAFF","EQUIPMENTMODEL","INPUTDATE","SOURCE","TASKCODE","TROOPCODE","TARGETNUMBER","MISSILENUMBER","TASKNATURE") VALUES('1407941140408631298','1406877498573463553','PUMA-GTE','.mp4','mp4',1.847482,'local','2021/06/175/28e37cffe73f4367a0f71a540646b07a.mp4','sa','2021-06-24 13:58:20.811000','sa','2021-06-24 13:58:20.826000',null,null,null,null,null,null,null,null,null);
INSERT INTO "BIANMU"."SYS_FILE"("ID","ENTITY_ID","FILE_NAME","FILE_SUFFIX","FILE_TYPE","FILE_SIZE","LOCATION","PATH","CREATE_USER","CREATE_TIME","MODIFY_USER","MODIFY_TIME","ENTRYSTAFF","EQUIPMENTMODEL","INPUTDATE","SOURCE","TASKCODE","TROOPCODE","TARGETNUMBER","MISSILENUMBER","TASKNATURE") VALUES('1407942149075828737','1406877498573463553','项目进度总结','.xlsx','zip',0.015245,'local','2021/06/175/c23811bea91e40f89c1240edd102ff7f.xlsx','sa','2021-06-24 14:02:21.296000','sa','2021-06-24 14:02:21.412000',null,null,null,null,null,null,null,null,null);
INSERT INTO "BIANMU"."SYS_FILE"("ID","ENTITY_ID","FILE_NAME","FILE_SUFFIX","FILE_TYPE","FILE_SIZE","LOCATION","PATH","CREATE_USER","CREATE_TIME","MODIFY_USER","MODIFY_TIME","ENTRYSTAFF","EQUIPMENTMODEL","INPUTDATE","SOURCE","TASKCODE","TROOPCODE","TARGETNUMBER","MISSILENUMBER","TASKNATURE") VALUES('1407956492785975298','1406877498573463553','新建文本文档','.txt','txt',0.001611,'local','2021/06/175/b9baa9a6cb3f450fa4feb9bcbee6783a.txt','sa','2021-06-24 14:59:21.104000','sa','2021-06-24 14:59:21.208000',null,null,null,null,null,null,null,null,null);
INSERT INTO "BIANMU"."SYS_FILE"("ID","ENTITY_ID","FILE_NAME","FILE_SUFFIX","FILE_TYPE","FILE_SIZE","LOCATION","PATH","CREATE_USER","CREATE_TIME","MODIFY_USER","MODIFY_TIME","ENTRYSTAFF","EQUIPMENTMODEL","INPUTDATE","SOURCE","TASKCODE","TROOPCODE","TARGETNUMBER","MISSILENUMBER","TASKNATURE") VALUES('1409723082925834242','1401834794357506049','微信截图_20210610105608','.png','png',0.078900,'local','2021/06/29/44e4d3a6d1464d5790753832010c0fe5.png','sa','2021-06-29 11:59:09.015000','sa','2021-06-29 11:59:09.015000','超级管理员','ZB-2235','2021-06-29 00:00:00.000000','文件来源','RW-111','66584','MB-123','DD-2323','任务性质');
INSERT INTO "BIANMU"."SYS_FILE"("ID","ENTITY_ID","FILE_NAME","FILE_SUFFIX","FILE_TYPE","FILE_SIZE","LOCATION","PATH","CREATE_USER","CREATE_TIME","MODIFY_USER","MODIFY_TIME","ENTRYSTAFF","EQUIPMENTMODEL","INPUTDATE","SOURCE","TASKCODE","TROOPCODE","TARGETNUMBER","MISSILENUMBER","TASKNATURE") VALUES('1409723082925834243','1401834794357506049','微信截图_20210610105449','.png','png',0.079702,'local','2021/06/29/ba5ae865500a40c98417d8852ee99c0a.png','sa','2021-06-29 11:59:09.015000','sa','2021-06-29 11:59:09.015000','超级管理员','ZB-2235','2021-06-29 00:00:00.000000','文件来源','RW-111','66584','MB-123','DD-2323','任务性质');
INSERT INTO "BIANMU"."SYS_FILE"("ID","ENTITY_ID","FILE_NAME","FILE_SUFFIX","FILE_TYPE","FILE_SIZE","LOCATION","PATH","CREATE_USER","CREATE_TIME","MODIFY_USER","MODIFY_TIME","ENTRYSTAFF","EQUIPMENTMODEL","INPUTDATE","SOURCE","TASKCODE","TROOPCODE","TARGETNUMBER","MISSILENUMBER","TASKNATURE") VALUES('1409723082925834244','1401834794357506049','微信截图_20210610105543','.png','png',0.139968,'local','2021/06/29/9b81cb7d89734b7495375120807b26c0.png','sa','2021-06-29 11:59:09.015000','sa','2021-06-29 11:59:09.015000','超级管理员','ZB-2235','2021-06-29 00:00:00.000000','文件来源','RW-111','66584','MB-123','DD-2323','任务性质');
INSERT INTO "BIANMU"."SYS_FILE"("ID","ENTITY_ID","FILE_NAME","FILE_SUFFIX","FILE_TYPE","FILE_SIZE","LOCATION","PATH","CREATE_USER","CREATE_TIME","MODIFY_USER","MODIFY_TIME","ENTRYSTAFF","EQUIPMENTMODEL","INPUTDATE","SOURCE","TASKCODE","TROOPCODE","TARGETNUMBER","MISSILENUMBER","TASKNATURE") VALUES('1409723311075000321','1401834794357506049','微信截图_20210610105713','.png','png',0.109544,'local','2021/06/29/dfc7786220fd47a387a58f1d9de0a178.png','sa','2021-06-29 12:00:03.409000','sa','2021-06-29 12:00:03.409000','超级管理员','ZB-2235','2021-06-29 00:00:00.000000','文件来源','RW-111','66584','MB-123','DD-2323','任务性质');
INSERT INTO "BIANMU"."SYS_FILE"("ID","ENTITY_ID","FILE_NAME","FILE_SUFFIX","FILE_TYPE","FILE_SIZE","LOCATION","PATH","CREATE_USER","CREATE_TIME","MODIFY_USER","MODIFY_TIME","ENTRYSTAFF","EQUIPMENTMODEL","INPUTDATE","SOURCE","TASKCODE","TROOPCODE","TARGETNUMBER","MISSILENUMBER","TASKNATURE") VALUES('1411930202593185793','1406877498573463553','述职报告PPT-郭鑫','.pptx','zip',1.035893,'local','2021/07/05/21c6fba938f64631b40db7198b224083.pptx','sa','2021-07-05 14:09:27.349000','sa','2021-07-05 14:09:27.349000','超级管理员','','2021-07-05 00:00:00.000000','','','','','','');
INSERT INTO "BIANMU"."SYS_FILE"("ID","ENTITY_ID","FILE_NAME","FILE_SUFFIX","FILE_TYPE","FILE_SIZE","LOCATION","PATH","CREATE_USER","CREATE_TIME","MODIFY_USER","MODIFY_TIME","ENTRYSTAFF","EQUIPMENTMODEL","INPUTDATE","SOURCE","TASKCODE","TROOPCODE","TARGETNUMBER","MISSILENUMBER","TASKNATURE") VALUES('1412587911323832322','1407653103283879937','周总结','.xlsx','zip',0.014852,'local','2021/07/07/eb83999737d94c31af697fceda17cfa1.xlsx','sa','2021-07-07 09:42:57.331000','sa','2021-07-07 09:42:57.331000','超级管理员','ZB-2235','2021-07-07 00:00:00.000000','研发部','RW-111','66584','MB-123','DD-2323','任务性质');
INSERT INTO "BIANMU"."SYS_FILE"("ID","ENTITY_ID","FILE_NAME","FILE_SUFFIX","FILE_TYPE","FILE_SIZE","LOCATION","PATH","CREATE_USER","CREATE_TIME","MODIFY_USER","MODIFY_TIME","ENTRYSTAFF","EQUIPMENTMODEL","INPUTDATE","SOURCE","TASKCODE","TROOPCODE","TARGETNUMBER","MISSILENUMBER","TASKNATURE") VALUES('1412587911323832323','1407653103283879937','项目进度总结','.xlsx','zip',0.015245,'local','2021/07/07/a9aa756f92284305a48c36cd7747ecf2.xlsx','sa','2021-07-07 09:42:57.331000','sa','2021-07-07 09:42:57.331000','超级管理员','ZB-2235','2021-07-12 00:00:00.000000','研发部','RW-111','66584','MB-123','DD-2323','任务性质');
INSERT INTO "BIANMU"."SYS_FILE"("ID","ENTITY_ID","FILE_NAME","FILE_SUFFIX","FILE_TYPE","FILE_SIZE","LOCATION","PATH","CREATE_USER","CREATE_TIME","MODIFY_USER","MODIFY_TIME","ENTRYSTAFF","EQUIPMENTMODEL","INPUTDATE","SOURCE","TASKCODE","TROOPCODE","TARGETNUMBER","MISSILENUMBER","TASKNATURE") VALUES('1412587911323832324','1407653103283879937','述职报告PPT-郭鑫','.pptx','zip',1.035893,'local','2021/07/07/83aef0ec67be449488e5392fe5a54e3f.pptx','sa','2021-07-07 09:42:57.331000','sa','2021-07-07 09:42:57.331000','超级管理员','ZB-2235','2021-07-10 00:00:00.000000','研发部','RW-111','66584','MB-123','DD-2323','任务性质');
INSERT INTO "BIANMU"."SYS_FILE"("ID","ENTITY_ID","FILE_NAME","FILE_SUFFIX","FILE_TYPE","FILE_SIZE","LOCATION","PATH","CREATE_USER","CREATE_TIME","MODIFY_USER","MODIFY_TIME","ENTRYSTAFF","EQUIPMENTMODEL","INPUTDATE","SOURCE","TASKCODE","TROOPCODE","TARGETNUMBER","MISSILENUMBER","TASKNATURE") VALUES('1412587911323832325','1407653103283879937','科研事务系统月度考核标准-产品研发部-郭鑫-2021.6.30','.xlsx','zip',0.015307,'local','2021/07/07/47781290c29c4f5a89b1870dc317bf3c.xlsx','sa','2021-07-07 09:42:57.331000','sa','2021-07-07 09:42:57.331000','超级管理员','ZB-2235','2021-07-06 00:00:00.000000','研发部','RW-111','66584','MB-123','DD-2323','任务性质');
INSERT INTO "BIANMU"."SYS_FILE"("ID","ENTITY_ID","FILE_NAME","FILE_SUFFIX","FILE_TYPE","FILE_SIZE","LOCATION","PATH","CREATE_USER","CREATE_TIME","MODIFY_USER","MODIFY_TIME","ENTRYSTAFF","EQUIPMENTMODEL","INPUTDATE","SOURCE","TASKCODE","TROOPCODE","TARGETNUMBER","MISSILENUMBER","TASKNATURE") VALUES('1412587911323832326','1407653103283879937','新建文本文档','.txt','txt',0.001240,'local','2021/07/07/e452a794ceb04b93a5614f2cacfb4120.txt','sa','2021-07-07 09:42:57.331000','sa','2021-07-07 09:42:57.331000','超级管理员','ZB-2235','2021-07-08 00:00:00.000000','研发部','RW-111','66584','MB-123','DD-2323','任务性质');
INSERT INTO "BIANMU"."SYS_FILE"("ID","ENTITY_ID","FILE_NAME","FILE_SUFFIX","FILE_TYPE","FILE_SIZE","LOCATION","PATH","CREATE_USER","CREATE_TIME","MODIFY_USER","MODIFY_TIME","ENTRYSTAFF","EQUIPMENTMODEL","INPUTDATE","SOURCE","TASKCODE","TROOPCODE","TARGETNUMBER","MISSILENUMBER","TASKNATURE") VALUES('1412588326761254913','1407653524350058497','readme','.txt','txt',0.001612,'local','2021/07/07/dc01a562d77447edb55dfd51bcc9f06f.txt','sa','2021-07-07 09:44:36.379000','sa','2021-07-07 09:44:36.380000','超级管理员','ZB5565','2021-07-01 00:00:00.000000','市场部','RW-11133','66365','MB1125','DD-23233','测试');
INSERT INTO "BIANMU"."SYS_FILE"("ID","ENTITY_ID","FILE_NAME","FILE_SUFFIX","FILE_TYPE","FILE_SIZE","LOCATION","PATH","CREATE_USER","CREATE_TIME","MODIFY_USER","MODIFY_TIME","ENTRYSTAFF","EQUIPMENTMODEL","INPUTDATE","SOURCE","TASKCODE","TROOPCODE","TARGETNUMBER","MISSILENUMBER","TASKNATURE") VALUES('1412588326912249857','1407653524350058497','微信截图_20210610105713','.png','png',0.109544,'local','2021/07/07/8cc63e9cf98b4cd88023429b551e8881.png','sa','2021-07-07 09:44:36.414000','sa','2021-07-07 09:44:36.414000','超级管理员','ZB5565','2021-07-02 00:00:00.000000','市场部','RW-11133','66365','MB1125','DD-23233','测试');
INSERT INTO "BIANMU"."SYS_FILE"("ID","ENTITY_ID","FILE_NAME","FILE_SUFFIX","FILE_TYPE","FILE_SIZE","LOCATION","PATH","CREATE_USER","CREATE_TIME","MODIFY_USER","MODIFY_TIME","ENTRYSTAFF","EQUIPMENTMODEL","INPUTDATE","SOURCE","TASKCODE","TROOPCODE","TARGETNUMBER","MISSILENUMBER","TASKNATURE") VALUES('1412588326912249858','1407653524350058497','微信截图_20210610105608','.png','png',0.078900,'local','2021/07/07/472ab0794a664f599ae10f7270704825.png','sa','2021-07-07 09:44:36.415000','sa','2021-07-07 09:44:36.415000','超级管理员','ZB5565','2021-07-05 00:00:00.000000','市场部','RW-11133','66365','MB1125','DD-23233','测试');
INSERT INTO "BIANMU"."SYS_FILE"("ID","ENTITY_ID","FILE_NAME","FILE_SUFFIX","FILE_TYPE","FILE_SIZE","LOCATION","PATH","CREATE_USER","CREATE_TIME","MODIFY_USER","MODIFY_TIME","ENTRYSTAFF","EQUIPMENTMODEL","INPUTDATE","SOURCE","TASKCODE","TROOPCODE","TARGETNUMBER","MISSILENUMBER","TASKNATURE") VALUES('1412588326912249859','1407653524350058497','微信截图_20210610105543','.png','png',0.139968,'local','2021/07/07/8d2a6ef80fc2407e8b66acf4aca19623.png','sa','2021-07-07 09:44:36.415000','sa','2021-07-07 09:44:36.415000','超级管理员','ZB5565','2021-07-03 00:00:00.000000','市场部','RW-11133','66365','MB1125','DD-23233','测试');
INSERT INTO "BIANMU"."SYS_FILE"("ID","ENTITY_ID","FILE_NAME","FILE_SUFFIX","FILE_TYPE","FILE_SIZE","LOCATION","PATH","CREATE_USER","CREATE_TIME","MODIFY_USER","MODIFY_TIME","ENTRYSTAFF","EQUIPMENTMODEL","INPUTDATE","SOURCE","TASKCODE","TROOPCODE","TARGETNUMBER","MISSILENUMBER","TASKNATURE") VALUES('1412588326916444161','1407653524350058497','微信截图_20210610105449','.png','png',0.079702,'local','2021/07/07/2db6e06e8a04412383eb5983fdef3f43.png','sa','2021-07-07 09:44:36.415000','sa','2021-07-07 09:44:36.415000','超级管理员','ZB5565','2021-07-05 00:00:00.000000','市场部','RW-11133','66365','MB1125','DD-23233','测试');
INSERT INTO "BIANMU"."SYS_FILE"("ID","ENTITY_ID","FILE_NAME","FILE_SUFFIX","FILE_TYPE","FILE_SIZE","LOCATION","PATH","CREATE_USER","CREATE_TIME","MODIFY_USER","MODIFY_TIME","ENTRYSTAFF","EQUIPMENTMODEL","INPUTDATE","SOURCE","TASKCODE","TROOPCODE","TARGETNUMBER","MISSILENUMBER","TASKNATURE") VALUES('1412588326945804290','1407653524350058497','PUMA-GTE','.mp4','mp4',1.847482,'local','2021/07/07/0665705dda094efb98503a43b71c8245.mp4','sa','2021-07-07 09:44:36.422000','sa','2021-07-07 09:44:36.422000','超级管理员','ZB5565','2021-07-06 00:00:00.000000','市场部','RW-11133','66365','MB1125','DD-23233','测试');
INSERT INTO "BIANMU"."SYS_FILE"("ID","ENTITY_ID","FILE_NAME","FILE_SUFFIX","FILE_TYPE","FILE_SIZE","LOCATION","PATH","CREATE_USER","CREATE_TIME","MODIFY_USER","MODIFY_TIME","ENTRYSTAFF","EQUIPMENTMODEL","INPUTDATE","SOURCE","TASKCODE","TROOPCODE","TARGETNUMBER","MISSILENUMBER","TASKNATURE") VALUES('1412588327415566337','1407653524350058497','测试','.pdf','pdf',9.123042,'local','2021/07/07/fcd25412eb4a4b95acb8c019e682ddb3.pdf','sa','2021-07-07 09:44:36.534000','sa','2021-07-07 09:44:36.534000','超级管理员','ZB5565','2021-07-07 00:00:00.000000','市场部','RW-11133','66365','MB1125','DD-23233','测试');

INSERT INTO "BIANMU"."SYS_MENU"("MENU_ID","MENU_NAME","MENU_PATH","MENU_PARENT_ID","SORT_WEIGHT","CREATE_TIME","MODIFY_TIME","CREATE_USER","MODIFY_USER","IS_DELETE") VALUES('35cb950cebb04bb18bb1d8b742a02005','资源注册','/business/data-source/','ROOT',1,'2019-09-11 18:05:21','2021-05-21 18:12:54',null,'admin','0');
INSERT INTO "BIANMU"."SYS_MENU"("MENU_ID","MENU_NAME","MENU_PATH","MENU_PARENT_ID","SORT_WEIGHT","CREATE_TIME","MODIFY_TIME","CREATE_USER","MODIFY_USER","IS_DELETE") VALUES('35cb950cebb04bb18bb1d8b742a02xaa','机构管理','/sys/org/','35cb950cebb04bb18bb1d8b742a02xxx',2,'2019-09-10 10:08:58','2021-05-12 16:46:27',null,'admin','0');
INSERT INTO "BIANMU"."SYS_MENU"("MENU_ID","MENU_NAME","MENU_PATH","MENU_PARENT_ID","SORT_WEIGHT","CREATE_TIME","MODIFY_TIME","CREATE_USER","MODIFY_USER","IS_DELETE") VALUES('35cb950cebb04bb18bb1d8b742a02xcc','菜单管理','/sys/menu/','35cb950cebb04bb18bb1d8b742a02xxx',4,'2019-09-10 10:08:58','2021-05-20 15:32:41',null,'admin','0');
INSERT INTO "BIANMU"."SYS_MENU"("MENU_ID","MENU_NAME","MENU_PATH","MENU_PARENT_ID","SORT_WEIGHT","CREATE_TIME","MODIFY_TIME","CREATE_USER","MODIFY_USER","IS_DELETE") VALUES('35cb950cebb04bb18bb1d8b742a02xxx','系统管理','/sys','ROOT',9,'2019-09-10 10:08:58','2021-05-24 11:50:48',null,'admin','0');
INSERT INTO "BIANMU"."SYS_MENU"("MENU_ID","MENU_NAME","MENU_PATH","MENU_PARENT_ID","SORT_WEIGHT","CREATE_TIME","MODIFY_TIME","CREATE_USER","MODIFY_USER","IS_DELETE") VALUES('35cb950cebb04bb18bb1d8b742a02xzz','用户管理','/sys/sysUser/','35cb950cebb04bb18bb1d8b742a02xxx',1,'2019-09-10 10:08:58','2021-05-12 16:37:25',null,'admin','0');
INSERT INTO "BIANMU"."SYS_MENU"("MENU_ID","MENU_NAME","MENU_PATH","MENU_PARENT_ID","SORT_WEIGHT","CREATE_TIME","MODIFY_TIME","CREATE_USER","MODIFY_USER","IS_DELETE") VALUES('74315e162f524a4d88aa931f02416f26','实时监控','/monitor','35cb950cebb04bb18bb1d8b742a02xxx',7,'2020-06-10 15:07:07','2021-05-20 08:57:03',null,'admin','1');
INSERT INTO "BIANMU"."SYS_MENU"("MENU_ID","MENU_NAME","MENU_PATH","MENU_PARENT_ID","SORT_WEIGHT","CREATE_TIME","MODIFY_TIME","CREATE_USER","MODIFY_USER","IS_DELETE") VALUES('914aa22c78af4327822061f3eada4067','实时日志','/logging','35cb950cebb04bb18bb1d8b742a02xxx',8,'2019-09-11 11:19:52','2021-05-20 08:57:13',null,'admin','1');
INSERT INTO "BIANMU"."SYS_MENU"("MENU_ID","MENU_NAME","MENU_PATH","MENU_PARENT_ID","SORT_WEIGHT","CREATE_TIME","MODIFY_TIME","CREATE_USER","MODIFY_USER","IS_DELETE") VALUES('bcf17dc0ce304f0ba02d64ce21ddb4f9','系统设置','/sys/sysSetting/setting','35cb950cebb04bb18bb1d8b742a02xxx',9,'2019-09-17 10:46:11','2021-05-24 13:29:04',null,'admin','1');
INSERT INTO "BIANMU"."SYS_MENU"("MENU_ID","MENU_NAME","MENU_PATH","MENU_PARENT_ID","SORT_WEIGHT","CREATE_TIME","MODIFY_TIME","CREATE_USER","MODIFY_USER","IS_DELETE") VALUES('d6d8b301316b43f2a9fb33caf1286376','新增测试','/aa','35cb950cebb04bb18bb1d8b742a02xxx',9,'2020-10-30 17:02:15','2021-05-20 08:57:22',null,'admin','1');
INSERT INTO "BIANMU"."SYS_MENU"("MENU_ID","MENU_NAME","MENU_PATH","MENU_PARENT_ID","SORT_WEIGHT","CREATE_TIME","MODIFY_TIME","CREATE_USER","MODIFY_USER","IS_DELETE") VALUES('d6d8b301316b43f2a9fb33caf1286365','角色管理','/sys/role/','35cb950cebb04bb18bb1d8b742a02xxx',3,'2019-09-10 10:08:58','2021-05-20 15:32:34',null,'admin','0');
INSERT INTO "BIANMU"."SYS_MENU"("MENU_ID","MENU_NAME","MENU_PATH","MENU_PARENT_ID","SORT_WEIGHT","CREATE_TIME","MODIFY_TIME","CREATE_USER","MODIFY_USER","IS_DELETE") VALUES('1394608708724883458','数据源配置','/business/datasource/','35cb950cebb04bb18bb1d8b742a02005',2,'2021-05-18 19:00:01','2021-05-28 17:40:42','admin','admin','0');
INSERT INTO "BIANMU"."SYS_MENU"("MENU_ID","MENU_NAME","MENU_PATH","MENU_PARENT_ID","SORT_WEIGHT","CREATE_TIME","MODIFY_TIME","CREATE_USER","MODIFY_USER","IS_DELETE") VALUES('1395181308886904834','权限管理','/sys/permissions/','35cb950cebb04bb18bb1d8b742a02xxx',5,'2021-05-20 08:55:20','2021-05-20 08:55:20','admin','admin','0');
INSERT INTO "BIANMU"."SYS_MENU"("MENU_ID","MENU_NAME","MENU_PATH","MENU_PARENT_ID","SORT_WEIGHT","CREATE_TIME","MODIFY_TIME","CREATE_USER","MODIFY_USER","IS_DELETE") VALUES('1395683641940930561','元数据注册','/business/metadata/','35cb950cebb04bb18bb1d8b742a02005',1,'2021-05-21 18:11:25','2021-05-28 17:40:34','admin','admin','0');
INSERT INTO "BIANMU"."SYS_MENU"("MENU_ID","MENU_NAME","MENU_PATH","MENU_PARENT_ID","SORT_WEIGHT","CREATE_TIME","MODIFY_TIME","CREATE_USER","MODIFY_USER","IS_DELETE") VALUES('ROOT','系统菜单根目录','/','-',0,'2019-09-10 10:08:58','2021-05-18 18:57:58',null,'admin','0');
INSERT INTO "BIANMU"."SYS_MENU"("MENU_ID","MENU_NAME","MENU_PATH","MENU_PARENT_ID","SORT_WEIGHT","CREATE_TIME","MODIFY_TIME","CREATE_USER","MODIFY_USER","IS_DELETE") VALUES('1398212349469814786','目录整编','/business/directory/','ROOT',2,'2021-05-28 17:39:36','2021-06-01 14:07:31','admin','admin','0');
INSERT INTO "BIANMU"."SYS_MENU"("MENU_ID","MENU_NAME","MENU_PATH","MENU_PARENT_ID","SORT_WEIGHT","CREATE_TIME","MODIFY_TIME","CREATE_USER","MODIFY_USER","IS_DELETE") VALUES('1398220652371406850','资源审核','/business/review/','ROOT',3,'2021-05-28 18:12:36','2021-05-28 18:12:36','admin','admin','0');
INSERT INTO "BIANMU"."SYS_MENU"("MENU_ID","MENU_NAME","MENU_PATH","MENU_PARENT_ID","SORT_WEIGHT","CREATE_TIME","MODIFY_TIME","CREATE_USER","MODIFY_USER","IS_DELETE") VALUES('1398220873180540930','元数据审核','/business/review/metadata','1398220652371406850',2,'2021-05-28 18:13:29','2021-06-04 10:53:30','admin','admin','0');
INSERT INTO "BIANMU"."SYS_MENU"("MENU_ID","MENU_NAME","MENU_PATH","MENU_PARENT_ID","SORT_WEIGHT","CREATE_TIME","MODIFY_TIME","CREATE_USER","MODIFY_USER","IS_DELETE") VALUES('1398220980760244226','目录审核','/business/review/directory','1398220652371406850',1,'2021-05-28 18:13:54','2021-06-04 10:53:21','admin','admin','0');
INSERT INTO "BIANMU"."SYS_MENU"("MENU_ID","MENU_NAME","MENU_PATH","MENU_PARENT_ID","SORT_WEIGHT","CREATE_TIME","MODIFY_TIME","CREATE_USER","MODIFY_USER","IS_DELETE") VALUES('1398221289695899650','关联关系分析','/business/analysis/','ROOT',4,'2021-05-28 18:15:08','2021-05-28 18:17:19','admin','admin','0');

INSERT INTO "BIANMU"."SYS_NOTIFICATION"("ID","FROM_ID","RECEIVE_ID","TITLE","CONTENT","TYPE","ALL_READ","CREATE_USER","CREATE_TIME","MODIFY_USER","MODIFY_TIME") VALUES('1404631636082307073','1402167433308295170','1402429787635867650','元数据审核通知','您有一条元数据审核失败','METADATA_REVIEW',null,'1402167433308295170','2021-06-15 10:47:33.492000','1402167433308295170','2021-06-15 10:47:33.492000');
INSERT INTO "BIANMU"."SYS_NOTIFICATION"("ID","FROM_ID","RECEIVE_ID","TITLE","CONTENT","TYPE","ALL_READ","CREATE_USER","CREATE_TIME","MODIFY_USER","MODIFY_TIME") VALUES('1406877011728015362','sa','','元数据审核通知','您收到一条元数据审核，请查看','METADATA_REVIEW',null,'sa','2021-06-21 15:29:52.763000','sa','2021-06-21 15:29:52.763000');
INSERT INTO "BIANMU"."SYS_NOTIFICATION"("ID","FROM_ID","RECEIVE_ID","TITLE","CONTENT","TYPE","ALL_READ","CREATE_USER","CREATE_TIME","MODIFY_USER","MODIFY_TIME") VALUES('1406877134193303553','sa','sa','元数据审核通知','您有一条元数据审核失败','METADATA_REVIEW',null,'sa','2021-06-21 15:30:21.962000','sa','2021-06-21 15:30:21.962000');
INSERT INTO "BIANMU"."SYS_NOTIFICATION"("ID","FROM_ID","RECEIVE_ID","TITLE","CONTENT","TYPE","ALL_READ","CREATE_USER","CREATE_TIME","MODIFY_USER","MODIFY_TIME") VALUES('1406877808582860802','sa','','目录审核通知','您收到一条目录审核，请查看','DIRECTORY_REVIEW',null,'sa','2021-06-21 15:33:02.749000','sa','2021-06-21 15:33:02.750000');
INSERT INTO "BIANMU"."SYS_NOTIFICATION"("ID","FROM_ID","RECEIVE_ID","TITLE","CONTENT","TYPE","ALL_READ","CREATE_USER","CREATE_TIME","MODIFY_USER","MODIFY_TIME") VALUES('1407298165932462081','sa','admin','元数据审核通知','您有一条元数据审核失败','METADATA_REVIEW',null,'sa','2021-06-22 19:23:23.751000','sa','2021-06-22 19:23:23.751000');
INSERT INTO "BIANMU"."SYS_NOTIFICATION"("ID","FROM_ID","RECEIVE_ID","TITLE","CONTENT","TYPE","ALL_READ","CREATE_USER","CREATE_TIME","MODIFY_USER","MODIFY_TIME") VALUES('1407298186736209921','sa','admin','元数据审核通知','您有一条元数据审核失败','METADATA_REVIEW',null,'sa','2021-06-22 19:23:28.710000','sa','2021-06-22 19:23:28.710000');
INSERT INTO "BIANMU"."SYS_NOTIFICATION"("ID","FROM_ID","RECEIVE_ID","TITLE","CONTENT","TYPE","ALL_READ","CREATE_USER","CREATE_TIME","MODIFY_USER","MODIFY_TIME") VALUES('1407620067225939969','sa','sa','目录审核通知','您有一条目录审核失败','DIRECTORY_REVIEW',null,'sa','2021-06-23 16:42:30.999000','sa','2021-06-23 16:42:30.999000');
INSERT INTO "BIANMU"."SYS_NOTIFICATION"("ID","FROM_ID","RECEIVE_ID","TITLE","CONTENT","TYPE","ALL_READ","CREATE_USER","CREATE_TIME","MODIFY_USER","MODIFY_TIME") VALUES('1409040822190981122','sa','','元数据审核通知','您收到一条元数据审核，请查看','METADATA_REVIEW',null,'sa','2021-06-27 14:48:05.379000','sa','2021-06-27 14:48:05.379000');
INSERT INTO "BIANMU"."SYS_NOTIFICATION"("ID","FROM_ID","RECEIVE_ID","TITLE","CONTENT","TYPE","ALL_READ","CREATE_USER","CREATE_TIME","MODIFY_USER","MODIFY_TIME") VALUES('1409040882836422658','sa','sa','元数据审核通知','您有一条元数据审核通过了','METADATA_REVIEW',null,'sa','2021-06-27 14:48:19.838000','sa','2021-06-27 14:48:19.838000');
INSERT INTO "BIANMU"."SYS_NOTIFICATION"("ID","FROM_ID","RECEIVE_ID","TITLE","CONTENT","TYPE","ALL_READ","CREATE_USER","CREATE_TIME","MODIFY_USER","MODIFY_TIME") VALUES('1411915403058671617','sa','','目录审核通知','您收到一条目录审核，请查看','DIRECTORY_REVIEW',null,'sa','2021-07-05 13:10:38.865000','sa','2021-07-05 13:10:38.865000');
INSERT INTO "BIANMU"."SYS_NOTIFICATION"("ID","FROM_ID","RECEIVE_ID","TITLE","CONTENT","TYPE","ALL_READ","CREATE_USER","CREATE_TIME","MODIFY_USER","MODIFY_TIME") VALUES('1411915520683732994','sa','sa','目录审核通知','您有一条目录审核通过了','DIRECTORY_REVIEW',null,'sa','2021-07-05 13:11:06.909000','sa','2021-07-05 13:11:06.909000');
INSERT INTO "BIANMU"."SYS_NOTIFICATION"("ID","FROM_ID","RECEIVE_ID","TITLE","CONTENT","TYPE","ALL_READ","CREATE_USER","CREATE_TIME","MODIFY_USER","MODIFY_TIME") VALUES('1411916103805235201','sa','','目录审核通知','您收到一条目录审核，请查看','DIRECTORY_REVIEW',null,'sa','2021-07-05 13:13:25.936000','sa','2021-07-05 13:13:25.936000');
INSERT INTO "BIANMU"."SYS_NOTIFICATION"("ID","FROM_ID","RECEIVE_ID","TITLE","CONTENT","TYPE","ALL_READ","CREATE_USER","CREATE_TIME","MODIFY_USER","MODIFY_TIME") VALUES('1411916137531633666','sa','sa','目录审核通知','您有一条目录审核通过了','DIRECTORY_REVIEW',null,'sa','2021-07-05 13:13:33.977000','sa','2021-07-05 13:13:33.977000');
INSERT INTO "BIANMU"."SYS_NOTIFICATION"("ID","FROM_ID","RECEIVE_ID","TITLE","CONTENT","TYPE","ALL_READ","CREATE_USER","CREATE_TIME","MODIFY_USER","MODIFY_TIME") VALUES('1411917231716495362','sa','','目录审核通知','您收到一条目录审核，请查看','DIRECTORY_REVIEW',null,'sa','2021-07-05 13:17:54.851000','sa','2021-07-05 13:17:54.851000');
INSERT INTO "BIANMU"."SYS_NOTIFICATION"("ID","FROM_ID","RECEIVE_ID","TITLE","CONTENT","TYPE","ALL_READ","CREATE_USER","CREATE_TIME","MODIFY_USER","MODIFY_TIME") VALUES('1411917337098383362','sa','sa','目录审核通知','您有一条目录审核通过了','DIRECTORY_REVIEW',null,'sa','2021-07-05 13:18:19.976000','sa','2021-07-05 13:18:19.976000');
INSERT INTO "BIANMU"."SYS_NOTIFICATION"("ID","FROM_ID","RECEIVE_ID","TITLE","CONTENT","TYPE","ALL_READ","CREATE_USER","CREATE_TIME","MODIFY_USER","MODIFY_TIME") VALUES('1411917445965737985','sa','sa','目录审核通知','您有一条目录审核通过了','DIRECTORY_REVIEW',null,'sa','2021-07-05 13:18:45.933000','sa','2021-07-05 13:18:45.934000');
INSERT INTO "BIANMU"."SYS_NOTIFICATION"("ID","FROM_ID","RECEIVE_ID","TITLE","CONTENT","TYPE","ALL_READ","CREATE_USER","CREATE_TIME","MODIFY_USER","MODIFY_TIME") VALUES('1411921835220946946','sa','','目录审核通知','您收到一条目录审核，请查看','DIRECTORY_REVIEW',null,'sa','2021-07-05 13:36:12.412000','sa','2021-07-05 13:36:12.412000');
INSERT INTO "BIANMU"."SYS_NOTIFICATION"("ID","FROM_ID","RECEIVE_ID","TITLE","CONTENT","TYPE","ALL_READ","CREATE_USER","CREATE_TIME","MODIFY_USER","MODIFY_TIME") VALUES('1411921890233438210','sa','admin','目录审核通知','您有一条目录审核通过了','DIRECTORY_REVIEW',null,'sa','2021-07-05 13:36:25.528000','sa','2021-07-05 13:36:25.528000');
INSERT INTO "BIANMU"."SYS_NOTIFICATION"("ID","FROM_ID","RECEIVE_ID","TITLE","CONTENT","TYPE","ALL_READ","CREATE_USER","CREATE_TIME","MODIFY_USER","MODIFY_TIME") VALUES('1411929168810496001','sa','','目录审核通知','您收到一条目录审核，请查看','DIRECTORY_REVIEW',null,'sa','2021-07-05 14:05:20.876000','sa','2021-07-05 14:05:20.876000');
INSERT INTO "BIANMU"."SYS_NOTIFICATION"("ID","FROM_ID","RECEIVE_ID","TITLE","CONTENT","TYPE","ALL_READ","CREATE_USER","CREATE_TIME","MODIFY_USER","MODIFY_TIME") VALUES('1411929312276664322','sa','admin','目录审核通知','您有一条目录审核通过了','DIRECTORY_REVIEW',null,'sa','2021-07-05 14:05:55.081000','sa','2021-07-05 14:05:55.081000');
INSERT INTO "BIANMU"."SYS_NOTIFICATION"("ID","FROM_ID","RECEIVE_ID","TITLE","CONTENT","TYPE","ALL_READ","CREATE_USER","CREATE_TIME","MODIFY_USER","MODIFY_TIME") VALUES('1411930215637471234','sa','','目录审核通知','您收到一条目录审核，请查看','DIRECTORY_REVIEW',null,'sa','2021-07-05 14:09:30.459000','sa','2021-07-05 14:09:30.459000');
INSERT INTO "BIANMU"."SYS_NOTIFICATION"("ID","FROM_ID","RECEIVE_ID","TITLE","CONTENT","TYPE","ALL_READ","CREATE_USER","CREATE_TIME","MODIFY_USER","MODIFY_TIME") VALUES('1411930249082851330','sa','sa','目录审核通知','您有一条目录审核通过了','DIRECTORY_REVIEW',null,'sa','2021-07-05 14:09:38.433000','sa','2021-07-05 14:09:38.433000');
INSERT INTO "BIANMU"."SYS_NOTIFICATION"("ID","FROM_ID","RECEIVE_ID","TITLE","CONTENT","TYPE","ALL_READ","CREATE_USER","CREATE_TIME","MODIFY_USER","MODIFY_TIME") VALUES('1412587932173717505','sa','','目录审核通知','您收到一条目录审核，请查看','DIRECTORY_REVIEW',null,'sa','2021-07-07 09:43:02.301000','sa','2021-07-07 09:43:02.302000');
INSERT INTO "BIANMU"."SYS_NOTIFICATION"("ID","FROM_ID","RECEIVE_ID","TITLE","CONTENT","TYPE","ALL_READ","CREATE_USER","CREATE_TIME","MODIFY_USER","MODIFY_TIME") VALUES('1412588355697758210','sa','','目录审核通知','您收到一条目录审核，请查看','DIRECTORY_REVIEW',null,'sa','2021-07-07 09:44:43.277000','sa','2021-07-07 09:44:43.277000');
INSERT INTO "BIANMU"."SYS_NOTIFICATION"("ID","FROM_ID","RECEIVE_ID","TITLE","CONTENT","TYPE","ALL_READ","CREATE_USER","CREATE_TIME","MODIFY_USER","MODIFY_TIME") VALUES('1412588398630653954','sa','sa','目录审核通知','您有一条目录审核通过了','DIRECTORY_REVIEW',null,'sa','2021-07-07 09:44:53.513000','sa','2021-07-07 09:44:53.513000');
INSERT INTO "BIANMU"."SYS_NOTIFICATION"("ID","FROM_ID","RECEIVE_ID","TITLE","CONTENT","TYPE","ALL_READ","CREATE_USER","CREATE_TIME","MODIFY_USER","MODIFY_TIME") VALUES('1412588424421429250','sa','sa','目录审核通知','您有一条目录审核通过了','DIRECTORY_REVIEW',null,'sa','2021-07-07 09:44:59.662000','sa','2021-07-07 09:44:59.662000');
INSERT INTO "BIANMU"."SYS_NOTIFICATION"("ID","FROM_ID","RECEIVE_ID","TITLE","CONTENT","TYPE","ALL_READ","CREATE_USER","CREATE_TIME","MODIFY_USER","MODIFY_TIME") VALUES('1412675969238884353','sa','','目录审核通知','您收到一条目录审核，请查看','DIRECTORY_REVIEW',null,'sa','2021-07-07 15:32:51.973000','sa','2021-07-07 15:32:51.973000');
INSERT INTO "BIANMU"."SYS_NOTIFICATION"("ID","FROM_ID","RECEIVE_ID","TITLE","CONTENT","TYPE","ALL_READ","CREATE_USER","CREATE_TIME","MODIFY_USER","MODIFY_TIME") VALUES('1412676009013469186','sa','sa','目录审核通知','您有一条目录审核通过了','DIRECTORY_REVIEW',null,'sa','2021-07-07 15:33:01.456000','sa','2021-07-07 15:33:01.456000');
INSERT INTO "BIANMU"."SYS_NOTIFICATION"("ID","FROM_ID","RECEIVE_ID","TITLE","CONTENT","TYPE","ALL_READ","CREATE_USER","CREATE_TIME","MODIFY_USER","MODIFY_TIME") VALUES('1412687063827263489','sa','','目录审核通知','您收到一条目录审核，请查看','DIRECTORY_REVIEW',null,'sa','2021-07-07 16:16:57.129000','sa','2021-07-07 16:16:57.129000');
INSERT INTO "BIANMU"."SYS_NOTIFICATION"("ID","FROM_ID","RECEIVE_ID","TITLE","CONTENT","TYPE","ALL_READ","CREATE_USER","CREATE_TIME","MODIFY_USER","MODIFY_TIME") VALUES('1412687102452609025','sa','sa','目录审核通知','您有一条目录审核通过了','DIRECTORY_REVIEW',null,'sa','2021-07-07 16:17:06.338000','sa','2021-07-07 16:17:06.338000');
INSERT INTO "BIANMU"."SYS_NOTIFICATION"("ID","FROM_ID","RECEIVE_ID","TITLE","CONTENT","TYPE","ALL_READ","CREATE_USER","CREATE_TIME","MODIFY_USER","MODIFY_TIME") VALUES('1412688942565076993','sa','','目录审核通知','您收到一条目录审核，请查看','DIRECTORY_REVIEW',null,'sa','2021-07-07 16:24:25.055000','sa','2021-07-07 16:24:25.055000');
INSERT INTO "BIANMU"."SYS_NOTIFICATION"("ID","FROM_ID","RECEIVE_ID","TITLE","CONTENT","TYPE","ALL_READ","CREATE_USER","CREATE_TIME","MODIFY_USER","MODIFY_TIME") VALUES('1412689607148351489','sa','','目录审核通知','您收到一条目录审核，请查看','DIRECTORY_REVIEW',null,'sa','2021-07-07 16:27:03.504000','sa','2021-07-07 16:27:03.504000');
INSERT INTO "BIANMU"."SYS_NOTIFICATION"("ID","FROM_ID","RECEIVE_ID","TITLE","CONTENT","TYPE","ALL_READ","CREATE_USER","CREATE_TIME","MODIFY_USER","MODIFY_TIME") VALUES('1412689688882753537','sa','sa','目录审核通知','您有一条目录审核通过了','DIRECTORY_REVIEW',null,'sa','2021-07-07 16:27:22.991000','sa','2021-07-07 16:27:22.991000');
INSERT INTO "BIANMU"."SYS_NOTIFICATION"("ID","FROM_ID","RECEIVE_ID","TITLE","CONTENT","TYPE","ALL_READ","CREATE_USER","CREATE_TIME","MODIFY_USER","MODIFY_TIME") VALUES('1412967047368208386','sa','','目录审核通知','您收到一条目录审核，请查看','DIRECTORY_REVIEW',null,'sa','2021-07-08 10:49:30.407000','sa','2021-07-08 10:49:30.407000');
INSERT INTO "BIANMU"."SYS_NOTIFICATION"("ID","FROM_ID","RECEIVE_ID","TITLE","CONTENT","TYPE","ALL_READ","CREATE_USER","CREATE_TIME","MODIFY_USER","MODIFY_TIME") VALUES('1412967076678004738','sa','sa','目录审核通知','您有一条目录审核通过了','DIRECTORY_REVIEW',null,'sa','2021-07-08 10:49:37.395000','sa','2021-07-08 10:49:37.395000');
INSERT INTO "BIANMU"."SYS_NOTIFICATION"("ID","FROM_ID","RECEIVE_ID","TITLE","CONTENT","TYPE","ALL_READ","CREATE_USER","CREATE_TIME","MODIFY_USER","MODIFY_TIME") VALUES('1412967435228082177','sa','','目录审核通知','您收到一条目录审核，请查看','DIRECTORY_REVIEW',null,'sa','2021-07-08 10:51:02.880000','sa','2021-07-08 10:51:02.880000');
INSERT INTO "BIANMU"."SYS_NOTIFICATION"("ID","FROM_ID","RECEIVE_ID","TITLE","CONTENT","TYPE","ALL_READ","CREATE_USER","CREATE_TIME","MODIFY_USER","MODIFY_TIME") VALUES('1412967462650441730','sa','sa','目录审核通知','您有一条目录审核通过了','DIRECTORY_REVIEW',null,'sa','2021-07-08 10:51:09.418000','sa','2021-07-08 10:51:09.418000');
INSERT INTO "BIANMU"."SYS_NOTIFICATION"("ID","FROM_ID","RECEIVE_ID","TITLE","CONTENT","TYPE","ALL_READ","CREATE_USER","CREATE_TIME","MODIFY_USER","MODIFY_TIME") VALUES('1413104634787483649','sa','','目录审核通知','您收到一条目录审核，请查看','DIRECTORY_REVIEW',null,'sa','2021-07-08 19:56:13.804000','sa','2021-07-08 19:56:13.804000');
INSERT INTO "BIANMU"."SYS_NOTIFICATION"("ID","FROM_ID","RECEIVE_ID","TITLE","CONTENT","TYPE","ALL_READ","CREATE_USER","CREATE_TIME","MODIFY_USER","MODIFY_TIME") VALUES('1413104644635709442','sa','','目录审核通知','您收到一条目录审核，请查看','DIRECTORY_REVIEW',null,'sa','2021-07-08 19:56:16.152000','sa','2021-07-08 19:56:16.153000');
INSERT INTO "BIANMU"."SYS_NOTIFICATION"("ID","FROM_ID","RECEIVE_ID","TITLE","CONTENT","TYPE","ALL_READ","CREATE_USER","CREATE_TIME","MODIFY_USER","MODIFY_TIME") VALUES('1413104674398490625','sa','sa','目录审核通知','您有一条目录审核通过了','DIRECTORY_REVIEW',null,'sa','2021-07-08 19:56:23.248000','sa','2021-07-08 19:56:23.248000');
INSERT INTO "BIANMU"."SYS_NOTIFICATION"("ID","FROM_ID","RECEIVE_ID","TITLE","CONTENT","TYPE","ALL_READ","CREATE_USER","CREATE_TIME","MODIFY_USER","MODIFY_TIME") VALUES('1413104693759397889','sa','sa','目录审核通知','您有一条目录审核通过了','DIRECTORY_REVIEW',null,'sa','2021-07-08 19:56:27.864000','sa','2021-07-08 19:56:27.864000');
INSERT INTO "BIANMU"."SYS_NOTIFICATION"("ID","FROM_ID","RECEIVE_ID","TITLE","CONTENT","TYPE","ALL_READ","CREATE_USER","CREATE_TIME","MODIFY_USER","MODIFY_TIME") VALUES('1413105740775079938','sa','','目录审核通知','您收到一条目录审核，请查看','DIRECTORY_REVIEW',null,'sa','2021-07-08 20:00:37.492000','sa','2021-07-08 20:00:37.492000');
INSERT INTO "BIANMU"."SYS_NOTIFICATION"("ID","FROM_ID","RECEIVE_ID","TITLE","CONTENT","TYPE","ALL_READ","CREATE_USER","CREATE_TIME","MODIFY_USER","MODIFY_TIME") VALUES('1413105747586629633','sa','','目录审核通知','您收到一条目录审核，请查看','DIRECTORY_REVIEW',null,'sa','2021-07-08 20:00:39.116000','sa','2021-07-08 20:00:39.116000');
INSERT INTO "BIANMU"."SYS_NOTIFICATION"("ID","FROM_ID","RECEIVE_ID","TITLE","CONTENT","TYPE","ALL_READ","CREATE_USER","CREATE_TIME","MODIFY_USER","MODIFY_TIME") VALUES('1413105765735383042','sa','sa','目录审核通知','您有一条目录审核通过了','DIRECTORY_REVIEW',null,'sa','2021-07-08 20:00:43.443000','sa','2021-07-08 20:00:43.444000');
INSERT INTO "BIANMU"."SYS_NOTIFICATION"("ID","FROM_ID","RECEIVE_ID","TITLE","CONTENT","TYPE","ALL_READ","CREATE_USER","CREATE_TIME","MODIFY_USER","MODIFY_TIME") VALUES('1413105778670616577','sa','sa','目录审核通知','您有一条目录审核通过了','DIRECTORY_REVIEW',null,'sa','2021-07-08 20:00:46.527000','sa','2021-07-08 20:00:46.527000');

INSERT INTO "BIANMU"."SYS_NOTIFICATION_UNREAD"("ID","USER_ID","NOTIFICATION_ID","CREATE_USER","CREATE_TIME","MODIFY_USER","MODIFY_TIME") VALUES('1406877011790929921','','1406877011728015362','sa','2021-06-21 15:29:52.778000','sa','2021-06-21 15:29:52.778000');
INSERT INTO "BIANMU"."SYS_NOTIFICATION_UNREAD"("ID","USER_ID","NOTIFICATION_ID","CREATE_USER","CREATE_TIME","MODIFY_USER","MODIFY_TIME") VALUES('1406877808595443713','','1406877808582860802','sa','2021-06-21 15:33:02.752000','sa','2021-06-21 15:33:02.752000');
INSERT INTO "BIANMU"."SYS_NOTIFICATION_UNREAD"("ID","USER_ID","NOTIFICATION_ID","CREATE_USER","CREATE_TIME","MODIFY_USER","MODIFY_TIME") VALUES('1407298165995376642','admin','1407298165932462081','sa','2021-06-22 19:23:23.765000','sa','2021-06-22 19:23:23.765000');
INSERT INTO "BIANMU"."SYS_NOTIFICATION_UNREAD"("ID","USER_ID","NOTIFICATION_ID","CREATE_USER","CREATE_TIME","MODIFY_USER","MODIFY_TIME") VALUES('1407298186752987138','admin','1407298186736209921','sa','2021-06-22 19:23:28.714000','sa','2021-06-22 19:23:28.714000');
INSERT INTO "BIANMU"."SYS_NOTIFICATION_UNREAD"("ID","USER_ID","NOTIFICATION_ID","CREATE_USER","CREATE_TIME","MODIFY_USER","MODIFY_TIME") VALUES('1409040822241312769','','1409040822190981122','sa','2021-06-27 14:48:05.391000','sa','2021-06-27 14:48:05.392000');
INSERT INTO "BIANMU"."SYS_NOTIFICATION_UNREAD"("ID","USER_ID","NOTIFICATION_ID","CREATE_USER","CREATE_TIME","MODIFY_USER","MODIFY_TIME") VALUES('1409040882840616961','sa','1409040882836422658','sa','2021-06-27 14:48:19.839000','sa','2021-06-27 14:48:19.839000');
INSERT INTO "BIANMU"."SYS_NOTIFICATION_UNREAD"("ID","USER_ID","NOTIFICATION_ID","CREATE_USER","CREATE_TIME","MODIFY_USER","MODIFY_TIME") VALUES('1411915403121586177','','1411915403058671617','sa','2021-07-05 13:10:38.880000','sa','2021-07-05 13:10:38.880000');
INSERT INTO "BIANMU"."SYS_NOTIFICATION_UNREAD"("ID","USER_ID","NOTIFICATION_ID","CREATE_USER","CREATE_TIME","MODIFY_USER","MODIFY_TIME") VALUES('1411915520692121601','sa','1411915520683732994','sa','2021-07-05 13:11:06.911000','sa','2021-07-05 13:11:06.911000');
INSERT INTO "BIANMU"."SYS_NOTIFICATION_UNREAD"("ID","USER_ID","NOTIFICATION_ID","CREATE_USER","CREATE_TIME","MODIFY_USER","MODIFY_TIME") VALUES('1411916103822012417','','1411916103805235201','sa','2021-07-05 13:13:25.940000','sa','2021-07-05 13:13:25.940000');
INSERT INTO "BIANMU"."SYS_NOTIFICATION_UNREAD"("ID","USER_ID","NOTIFICATION_ID","CREATE_USER","CREATE_TIME","MODIFY_USER","MODIFY_TIME") VALUES('1411916137540022274','sa','1411916137531633666','sa','2021-07-05 13:13:33.979000','sa','2021-07-05 13:13:33.979000');
INSERT INTO "BIANMU"."SYS_NOTIFICATION_UNREAD"("ID","USER_ID","NOTIFICATION_ID","CREATE_USER","CREATE_TIME","MODIFY_USER","MODIFY_TIME") VALUES('1411917231754244097','','1411917231716495362','sa','2021-07-05 13:17:54.860000','sa','2021-07-05 13:17:54.860000');
INSERT INTO "BIANMU"."SYS_NOTIFICATION_UNREAD"("ID","USER_ID","NOTIFICATION_ID","CREATE_USER","CREATE_TIME","MODIFY_USER","MODIFY_TIME") VALUES('1411917337102577665','sa','1411917337098383362','sa','2021-07-05 13:18:19.977000','sa','2021-07-05 13:18:19.977000');
INSERT INTO "BIANMU"."SYS_NOTIFICATION_UNREAD"("ID","USER_ID","NOTIFICATION_ID","CREATE_USER","CREATE_TIME","MODIFY_USER","MODIFY_TIME") VALUES('1411917445978320897','sa','1411917445965737985','sa','2021-07-05 13:18:45.935000','sa','2021-07-05 13:18:45.935000');
INSERT INTO "BIANMU"."SYS_NOTIFICATION_UNREAD"("ID","USER_ID","NOTIFICATION_ID","CREATE_USER","CREATE_TIME","MODIFY_USER","MODIFY_TIME") VALUES('1411921835262889985','','1411921835220946946','sa','2021-07-05 13:36:12.422000','sa','2021-07-05 13:36:12.422000');
INSERT INTO "BIANMU"."SYS_NOTIFICATION_UNREAD"("ID","USER_ID","NOTIFICATION_ID","CREATE_USER","CREATE_TIME","MODIFY_USER","MODIFY_TIME") VALUES('1411921890237632514','admin','1411921890233438210','sa','2021-07-05 13:36:25.530000','sa','2021-07-05 13:36:25.530000');
INSERT INTO "BIANMU"."SYS_NOTIFICATION_UNREAD"("ID","USER_ID","NOTIFICATION_ID","CREATE_USER","CREATE_TIME","MODIFY_USER","MODIFY_TIME") VALUES('1411929168848244738','','1411929168810496001','sa','2021-07-05 14:05:20.885000','sa','2021-07-05 14:05:20.885000');
INSERT INTO "BIANMU"."SYS_NOTIFICATION_UNREAD"("ID","USER_ID","NOTIFICATION_ID","CREATE_USER","CREATE_TIME","MODIFY_USER","MODIFY_TIME") VALUES('1411929312301830145','admin','1411929312276664322','sa','2021-07-05 14:05:55.087000','sa','2021-07-05 14:05:55.087000');
INSERT INTO "BIANMU"."SYS_NOTIFICATION_UNREAD"("ID","USER_ID","NOTIFICATION_ID","CREATE_USER","CREATE_TIME","MODIFY_USER","MODIFY_TIME") VALUES('1411930215641665538','','1411930215637471234','sa','2021-07-05 14:09:30.460000','sa','2021-07-05 14:09:30.460000');
INSERT INTO "BIANMU"."SYS_NOTIFICATION_UNREAD"("ID","USER_ID","NOTIFICATION_ID","CREATE_USER","CREATE_TIME","MODIFY_USER","MODIFY_TIME") VALUES('1411930249087045634','sa','1411930249082851330','sa','2021-07-05 14:09:38.434000','sa','2021-07-05 14:09:38.434000');
INSERT INTO "BIANMU"."SYS_NOTIFICATION_UNREAD"("ID","USER_ID","NOTIFICATION_ID","CREATE_USER","CREATE_TIME","MODIFY_USER","MODIFY_TIME") VALUES('1412587932198883330','','1412587932173717505','sa','2021-07-07 09:43:02.307000','sa','2021-07-07 09:43:02.307000');
INSERT INTO "BIANMU"."SYS_NOTIFICATION_UNREAD"("ID","USER_ID","NOTIFICATION_ID","CREATE_USER","CREATE_TIME","MODIFY_USER","MODIFY_TIME") VALUES('1412588355697758211','','1412588355697758210','sa','2021-07-07 09:44:43.277000','sa','2021-07-07 09:44:43.277000');
INSERT INTO "BIANMU"."SYS_NOTIFICATION_UNREAD"("ID","USER_ID","NOTIFICATION_ID","CREATE_USER","CREATE_TIME","MODIFY_USER","MODIFY_TIME") VALUES('1412588398634848257','sa','1412588398630653954','sa','2021-07-07 09:44:53.514000','sa','2021-07-07 09:44:53.514000');
INSERT INTO "BIANMU"."SYS_NOTIFICATION_UNREAD"("ID","USER_ID","NOTIFICATION_ID","CREATE_USER","CREATE_TIME","MODIFY_USER","MODIFY_TIME") VALUES('1412588424421429251','sa','1412588424421429250','sa','2021-07-07 09:44:59.662000','sa','2021-07-07 09:44:59.662000');
INSERT INTO "BIANMU"."SYS_NOTIFICATION_UNREAD"("ID","USER_ID","NOTIFICATION_ID","CREATE_USER","CREATE_TIME","MODIFY_USER","MODIFY_TIME") VALUES('1412675969264050178','','1412675969238884353','sa','2021-07-07 15:32:51.979000','sa','2021-07-07 15:32:51.979000');
INSERT INTO "BIANMU"."SYS_NOTIFICATION_UNREAD"("ID","USER_ID","NOTIFICATION_ID","CREATE_USER","CREATE_TIME","MODIFY_USER","MODIFY_TIME") VALUES('1412676009017663490','sa','1412676009013469186','sa','2021-07-07 15:33:01.457000','sa','2021-07-07 15:33:01.457000');
INSERT INTO "BIANMU"."SYS_NOTIFICATION_UNREAD"("ID","USER_ID","NOTIFICATION_ID","CREATE_USER","CREATE_TIME","MODIFY_USER","MODIFY_TIME") VALUES('1412687063852429313','','1412687063827263489','sa','2021-07-07 16:16:57.135000','sa','2021-07-07 16:16:57.135000');
INSERT INTO "BIANMU"."SYS_NOTIFICATION_UNREAD"("ID","USER_ID","NOTIFICATION_ID","CREATE_USER","CREATE_TIME","MODIFY_USER","MODIFY_TIME") VALUES('1412687102456803330','sa','1412687102452609025','sa','2021-07-07 16:17:06.339000','sa','2021-07-07 16:17:06.339000');
INSERT INTO "BIANMU"."SYS_NOTIFICATION_UNREAD"("ID","USER_ID","NOTIFICATION_ID","CREATE_USER","CREATE_TIME","MODIFY_USER","MODIFY_TIME") VALUES('1412688942569271297','','1412688942565076993','sa','2021-07-07 16:24:25.056000','sa','2021-07-07 16:24:25.056000');
INSERT INTO "BIANMU"."SYS_NOTIFICATION_UNREAD"("ID","USER_ID","NOTIFICATION_ID","CREATE_USER","CREATE_TIME","MODIFY_USER","MODIFY_TIME") VALUES('1412689607152545793','','1412689607148351489','sa','2021-07-07 16:27:03.505000','sa','2021-07-07 16:27:03.505000');
INSERT INTO "BIANMU"."SYS_NOTIFICATION_UNREAD"("ID","USER_ID","NOTIFICATION_ID","CREATE_USER","CREATE_TIME","MODIFY_USER","MODIFY_TIME") VALUES('1412689688882753538','sa','1412689688882753537','sa','2021-07-07 16:27:22.991000','sa','2021-07-07 16:27:22.991000');
INSERT INTO "BIANMU"."SYS_NOTIFICATION_UNREAD"("ID","USER_ID","NOTIFICATION_ID","CREATE_USER","CREATE_TIME","MODIFY_USER","MODIFY_TIME") VALUES('1412967047393374209','','1412967047368208386','sa','2021-07-08 10:49:30.413000','sa','2021-07-08 10:49:30.414000');
INSERT INTO "BIANMU"."SYS_NOTIFICATION_UNREAD"("ID","USER_ID","NOTIFICATION_ID","CREATE_USER","CREATE_TIME","MODIFY_USER","MODIFY_TIME") VALUES('1412967076682199042','sa','1412967076678004738','sa','2021-07-08 10:49:37.396000','sa','2021-07-08 10:49:37.396000');
INSERT INTO "BIANMU"."SYS_NOTIFICATION_UNREAD"("ID","USER_ID","NOTIFICATION_ID","CREATE_USER","CREATE_TIME","MODIFY_USER","MODIFY_TIME") VALUES('1412967435232276482','','1412967435228082177','sa','2021-07-08 10:51:02.881000','sa','2021-07-08 10:51:02.881000');
INSERT INTO "BIANMU"."SYS_NOTIFICATION_UNREAD"("ID","USER_ID","NOTIFICATION_ID","CREATE_USER","CREATE_TIME","MODIFY_USER","MODIFY_TIME") VALUES('1412967462654636034','sa','1412967462650441730','sa','2021-07-08 10:51:09.419000','sa','2021-07-08 10:51:09.419000');
INSERT INTO "BIANMU"."SYS_NOTIFICATION_UNREAD"("ID","USER_ID","NOTIFICATION_ID","CREATE_USER","CREATE_TIME","MODIFY_USER","MODIFY_TIME") VALUES('1413104634812649474','','1413104634787483649','sa','2021-07-08 19:56:13.810000','sa','2021-07-08 19:56:13.810000');
INSERT INTO "BIANMU"."SYS_NOTIFICATION_UNREAD"("ID","USER_ID","NOTIFICATION_ID","CREATE_USER","CREATE_TIME","MODIFY_USER","MODIFY_TIME") VALUES('1413104644639903745','','1413104644635709442','sa','2021-07-08 19:56:16.153000','sa','2021-07-08 19:56:16.153000');
INSERT INTO "BIANMU"."SYS_NOTIFICATION_UNREAD"("ID","USER_ID","NOTIFICATION_ID","CREATE_USER","CREATE_TIME","MODIFY_USER","MODIFY_TIME") VALUES('1413104674402684930','sa','1413104674398490625','sa','2021-07-08 19:56:23.249000','sa','2021-07-08 19:56:23.249000');
INSERT INTO "BIANMU"."SYS_NOTIFICATION_UNREAD"("ID","USER_ID","NOTIFICATION_ID","CREATE_USER","CREATE_TIME","MODIFY_USER","MODIFY_TIME") VALUES('1413104693763592193','sa','1413104693759397889','sa','2021-07-08 19:56:27.865000','sa','2021-07-08 19:56:27.865000');
INSERT INTO "BIANMU"."SYS_NOTIFICATION_UNREAD"("ID","USER_ID","NOTIFICATION_ID","CREATE_USER","CREATE_TIME","MODIFY_USER","MODIFY_TIME") VALUES('1413105740800245762','','1413105740775079938','sa','2021-07-08 20:00:37.498000','sa','2021-07-08 20:00:37.498000');
INSERT INTO "BIANMU"."SYS_NOTIFICATION_UNREAD"("ID","USER_ID","NOTIFICATION_ID","CREATE_USER","CREATE_TIME","MODIFY_USER","MODIFY_TIME") VALUES('1413105747586629634','','1413105747586629633','sa','2021-07-08 20:00:39.116000','sa','2021-07-08 20:00:39.116000');
INSERT INTO "BIANMU"."SYS_NOTIFICATION_UNREAD"("ID","USER_ID","NOTIFICATION_ID","CREATE_USER","CREATE_TIME","MODIFY_USER","MODIFY_TIME") VALUES('1413105765739577345','sa','1413105765735383042','sa','2021-07-08 20:00:43.444000','sa','2021-07-08 20:00:43.444000');
INSERT INTO "BIANMU"."SYS_NOTIFICATION_UNREAD"("ID","USER_ID","NOTIFICATION_ID","CREATE_USER","CREATE_TIME","MODIFY_USER","MODIFY_TIME") VALUES('1413105778674810881','sa','1413105778670616577','sa','2021-07-08 20:00:46.529000','sa','2021-07-08 20:00:46.529000');

INSERT INTO "BIANMU"."SYS_ORG"("ID","ORG_NUMBER","ORG_NAME","ORG_SHORT_NAME","ORG_PARENT_ID","ORG_PATH","LEADER","REMARK","SORT","IS_DELETE","CREATE_TIME","CREATE_USER","MODIFY_TIME","MODIFY_USER","ORG_PARENT_NAME","LEADER_NAME") VALUES('100000','100000','北京第一军区','第一军22','ROOT','ROOT|100000','admin',null,1,'0','2021-05-13 16:20:28.000000','admin','2021-06-08 16:10:38.179000','admin','组织机构根节点',null);
INSERT INTO "BIANMU"."SYS_ORG"("ID","ORG_NUMBER","ORG_NAME","ORG_SHORT_NAME","ORG_PARENT_ID","ORG_PATH","LEADER","REMARK","SORT","IS_DELETE","CREATE_TIME","CREATE_USER","MODIFY_TIME","MODIFY_USER","ORG_PARENT_NAME","LEADER_NAME") VALUES('101000','101000','北京第一军区第一师','第一军第一师','100000','ROOT|10000|101000','admin',null,1,'0','2021-05-13 16:20:28.000000','admin','2021-06-08 16:04:52.368000','admin','北京第一军区',null);
INSERT INTO "BIANMU"."SYS_ORG"("ID","ORG_NUMBER","ORG_NAME","ORG_SHORT_NAME","ORG_PARENT_ID","ORG_PATH","LEADER","REMARK","SORT","IS_DELETE","CREATE_TIME","CREATE_USER","MODIFY_TIME","MODIFY_USER","ORG_PARENT_NAME","LEADER_NAME") VALUES('120000','120000','北京第二军区','第二军','ROOT','ROOT|120000','admin',null,2,'0','2021-05-13 16:20:28.000000','admin','2021-06-08 16:10:28.693000','admin','组织机构根节点',null);
INSERT INTO "BIANMU"."SYS_ORG"("ID","ORG_NUMBER","ORG_NAME","ORG_SHORT_NAME","ORG_PARENT_ID","ORG_PATH","LEADER","REMARK","SORT","IS_DELETE","CREATE_TIME","CREATE_USER","MODIFY_TIME","MODIFY_USER","ORG_PARENT_NAME","LEADER_NAME") VALUES('120200','120200','北京第二军区第二师','部门简称66','120000','ROOT|120000|120200',null,null,1,'0','2021-05-18 14:21:56.740000','admin','2021-06-26 14:27:51.010000','sa','北京第二军区',null);
INSERT INTO "BIANMU"."SYS_ORG"("ID","ORG_NUMBER","ORG_NAME","ORG_SHORT_NAME","ORG_PARENT_ID","ORG_PATH","LEADER","REMARK","SORT","IS_DELETE","CREATE_TIME","CREATE_USER","MODIFY_TIME","MODIFY_USER","ORG_PARENT_NAME","LEADER_NAME") VALUES('ROOT','000000','组织机构根节点','组织机构根节点',null,'ROOT','sa','组织结构根节点',0,'0','2021-05-12 14:57:48.000000','sa','2021-05-12 14:58:03.000000','sa',null,null);

INSERT INTO "BIANMU"."SYS_PERMISSIONS"("PERMIS_ID","PERMIS_NAME","PERMIS_REMARK","PERMIS_SCOPE","HAS_SELECT","HAS_ADD","HAS_EDIT","HAS_DELETE","CREATE_TIME","CREATE_USER","MODIFY_TIME","MODIFY_USER") VALUES('PERMIS_ONLY_ORG','本级组织机构管理权限','仅可对本级组织机构数据进行增删改查操作','ONLY_CURRENT_ORG','1','1','1','1','2021-05-21 14:02:57.612000','admin','2021-05-21 14:02:57.612000','admin');
INSERT INTO "BIANMU"."SYS_PERMISSIONS"("PERMIS_ID","PERMIS_NAME","PERMIS_REMARK","PERMIS_SCOPE","HAS_SELECT","HAS_ADD","HAS_EDIT","HAS_DELETE","CREATE_TIME","CREATE_USER","MODIFY_TIME","MODIFY_USER") VALUES('PERMIS_ONLY_SELF','普通用户权限','仅可对当前用户数据进行增删改查操作','ONLY_SELF','1','1','1','1','2021-05-21 14:45:54.428000','admin','2021-05-21 14:45:54.428000','admin');
INSERT INTO "BIANMU"."SYS_PERMISSIONS"("PERMIS_ID","PERMIS_NAME","PERMIS_REMARK","PERMIS_SCOPE","HAS_SELECT","HAS_ADD","HAS_EDIT","HAS_DELETE","CREATE_TIME","CREATE_USER","MODIFY_TIME","MODIFY_USER") VALUES('PERMIS_ORG_LEADER','组织机构数据管理权限','可对当前机构及子机构数据进行增删改查','CURRENT_ORG_CHILDRENS','1','1','1','1','2021-05-21 13:12:19.840000','admin','2021-06-09 11:58:15.516000','1402430112333717505');
INSERT INTO "BIANMU"."SYS_PERMISSIONS"("PERMIS_ID","PERMIS_NAME","PERMIS_REMARK","PERMIS_SCOPE","HAS_SELECT","HAS_ADD","HAS_EDIT","HAS_DELETE","CREATE_TIME","CREATE_USER","MODIFY_TIME","MODIFY_USER") VALUES('PERMIS_ROOT','超级管理权限','系统最高权限，可操作所有数据','ALL_SCOPE','1','1','1','1','2021-05-21 13:09:00.867000','admin','2021-05-21 13:09:00.869000','admin');

INSERT INTO "BIANMU"."SYS_ROLE"("ROLE_ID","ROLE_NAME","ROLE_REMARK","CREATE_TIME","MODIFY_TIME","ROLE_CONTENT","CREATE_USER","MODIFY_USER") VALUES('3fb1c570496d4c09ab99b8d31b06ccc','ROLE_USER','普通用户','2019-09-10 10:08:58','2019-09-10 10:08:58','',null,null);
INSERT INTO "BIANMU"."SYS_ROLE"("ROLE_ID","ROLE_NAME","ROLE_REMARK","CREATE_TIME","MODIFY_TIME","ROLE_CONTENT","CREATE_USER","MODIFY_USER") VALUES('3fb1c570496d4c09ab99b8d31b06xxx','ROLE_ADMIN','管理员','2019-09-10 10:08:58','2019-09-10 10:08:58','/sys/**',null,null);
INSERT INTO "BIANMU"."SYS_ROLE"("ROLE_ID","ROLE_NAME","ROLE_REMARK","CREATE_TIME","MODIFY_TIME","ROLE_CONTENT","CREATE_USER","MODIFY_USER") VALUES('3fb1c570496d4c09ab99b8d31b06zzz','ROLE_SA','超级管理员','2019-09-10 10:08:58','2019-09-10 10:08:58','/sys/**,/logging',null,null);
INSERT INTO "BIANMU"."SYS_ROLE"("ROLE_ID","ROLE_NAME","ROLE_REMARK","CREATE_TIME","MODIFY_TIME","ROLE_CONTENT","CREATE_USER","MODIFY_USER") VALUES('1394865016111792130','ROLE_TEST','测试员','2021-05-19 11:58:30','2021-05-19 11:58:30',null,'admin','admin');

INSERT INTO "BIANMU"."SYS_ROLE_MENU"("RM_ID","ROLE_ID","MENU_ID","CREATE_TIME","CREATE_USER","MODIFY_TIME","MODIFY_USER") VALUES('1395281513267261441','1394865016111792130','35cb950cebb04bb18bb1d8b742a02005','2021-05-20 15:33:30.497000','admin','2021-05-20 15:33:30.497000','admin');
INSERT INTO "BIANMU"."SYS_ROLE_MENU"("RM_ID","ROLE_ID","MENU_ID","CREATE_TIME","CREATE_USER","MODIFY_TIME","MODIFY_USER") VALUES('1395281513271455746','1394865016111792130','1394608708724883458','2021-05-20 15:33:30.497000','admin','2021-05-20 15:33:30.497000','admin');
INSERT INTO "BIANMU"."SYS_ROLE_MENU"("RM_ID","ROLE_ID","MENU_ID","CREATE_TIME","CREATE_USER","MODIFY_TIME","MODIFY_USER") VALUES('1403290644406288386','3fb1c570496d4c09ab99b8d31b06ccc','35cb950cebb04bb18bb1d8b742a02005','2021-06-11 17:58:56.162000','1402430112333717505','2021-06-11 17:58:56.162000','1402430112333717505');
INSERT INTO "BIANMU"."SYS_ROLE_MENU"("RM_ID","ROLE_ID","MENU_ID","CREATE_TIME","CREATE_USER","MODIFY_TIME","MODIFY_USER") VALUES('1403290644406288387','3fb1c570496d4c09ab99b8d31b06ccc','1395683641940930561','2021-06-11 17:58:56.162000','1402430112333717505','2021-06-11 17:58:56.162000','1402430112333717505');
INSERT INTO "BIANMU"."SYS_ROLE_MENU"("RM_ID","ROLE_ID","MENU_ID","CREATE_TIME","CREATE_USER","MODIFY_TIME","MODIFY_USER") VALUES('1403290644406288388','3fb1c570496d4c09ab99b8d31b06ccc','1394608708724883458','2021-06-11 17:58:56.162000','1402430112333717505','2021-06-11 17:58:56.162000','1402430112333717505');
INSERT INTO "BIANMU"."SYS_ROLE_MENU"("RM_ID","ROLE_ID","MENU_ID","CREATE_TIME","CREATE_USER","MODIFY_TIME","MODIFY_USER") VALUES('1403290644410482689','3fb1c570496d4c09ab99b8d31b06ccc','1398212349469814786','2021-06-11 17:58:56.163000','1402430112333717505','2021-06-11 17:58:56.163000','1402430112333717505');
INSERT INTO "BIANMU"."SYS_ROLE_MENU"("RM_ID","ROLE_ID","MENU_ID","CREATE_TIME","CREATE_USER","MODIFY_TIME","MODIFY_USER") VALUES('1403291045717295105','3fb1c570496d4c09ab99b8d31b06xxx','35cb950cebb04bb18bb1d8b742a02005','2021-06-11 18:00:31.842000','sa','2021-06-11 18:00:31.842000','sa');
INSERT INTO "BIANMU"."SYS_ROLE_MENU"("RM_ID","ROLE_ID","MENU_ID","CREATE_TIME","CREATE_USER","MODIFY_TIME","MODIFY_USER") VALUES('1403291045717295106','3fb1c570496d4c09ab99b8d31b06xxx','1395683641940930561','2021-06-11 18:00:31.842000','sa','2021-06-11 18:00:31.842000','sa');
INSERT INTO "BIANMU"."SYS_ROLE_MENU"("RM_ID","ROLE_ID","MENU_ID","CREATE_TIME","CREATE_USER","MODIFY_TIME","MODIFY_USER") VALUES('1403291045717295107','3fb1c570496d4c09ab99b8d31b06xxx','1394608708724883458','2021-06-11 18:00:31.842000','sa','2021-06-11 18:00:31.842000','sa');
INSERT INTO "BIANMU"."SYS_ROLE_MENU"("RM_ID","ROLE_ID","MENU_ID","CREATE_TIME","CREATE_USER","MODIFY_TIME","MODIFY_USER") VALUES('1403291045717295108','3fb1c570496d4c09ab99b8d31b06xxx','1398212349469814786','2021-06-11 18:00:31.843000','sa','2021-06-11 18:00:31.843000','sa');
INSERT INTO "BIANMU"."SYS_ROLE_MENU"("RM_ID","ROLE_ID","MENU_ID","CREATE_TIME","CREATE_USER","MODIFY_TIME","MODIFY_USER") VALUES('1403291045721489409','3fb1c570496d4c09ab99b8d31b06xxx','1398220652371406850','2021-06-11 18:00:31.843000','sa','2021-06-11 18:00:31.843000','sa');
INSERT INTO "BIANMU"."SYS_ROLE_MENU"("RM_ID","ROLE_ID","MENU_ID","CREATE_TIME","CREATE_USER","MODIFY_TIME","MODIFY_USER") VALUES('1403291045721489410','3fb1c570496d4c09ab99b8d31b06xxx','1398220980760244226','2021-06-11 18:00:31.843000','sa','2021-06-11 18:00:31.843000','sa');
INSERT INTO "BIANMU"."SYS_ROLE_MENU"("RM_ID","ROLE_ID","MENU_ID","CREATE_TIME","CREATE_USER","MODIFY_TIME","MODIFY_USER") VALUES('1403291045721489411','3fb1c570496d4c09ab99b8d31b06xxx','1398220873180540930','2021-06-11 18:00:31.843000','sa','2021-06-11 18:00:31.843000','sa');
INSERT INTO "BIANMU"."SYS_ROLE_MENU"("RM_ID","ROLE_ID","MENU_ID","CREATE_TIME","CREATE_USER","MODIFY_TIME","MODIFY_USER") VALUES('1403291045721489412','3fb1c570496d4c09ab99b8d31b06xxx','1398221289695899650','2021-06-11 18:00:31.843000','sa','2021-06-11 18:00:31.843000','sa');
INSERT INTO "BIANMU"."SYS_ROLE_MENU"("RM_ID","ROLE_ID","MENU_ID","CREATE_TIME","CREATE_USER","MODIFY_TIME","MODIFY_USER") VALUES('1403291045721489413','3fb1c570496d4c09ab99b8d31b06xxx','35cb950cebb04bb18bb1d8b742a02xxx','2021-06-11 18:00:31.843000','sa','2021-06-11 18:00:31.843000','sa');
INSERT INTO "BIANMU"."SYS_ROLE_MENU"("RM_ID","ROLE_ID","MENU_ID","CREATE_TIME","CREATE_USER","MODIFY_TIME","MODIFY_USER") VALUES('1403291045721489414','3fb1c570496d4c09ab99b8d31b06xxx','35cb950cebb04bb18bb1d8b742a02xzz','2021-06-11 18:00:31.843000','sa','2021-06-11 18:00:31.843000','sa');
INSERT INTO "BIANMU"."SYS_ROLE_MENU"("RM_ID","ROLE_ID","MENU_ID","CREATE_TIME","CREATE_USER","MODIFY_TIME","MODIFY_USER") VALUES('1403291045721489415','3fb1c570496d4c09ab99b8d31b06xxx','35cb950cebb04bb18bb1d8b742a02xaa','2021-06-11 18:00:31.843000','sa','2021-06-11 18:00:31.843000','sa');
INSERT INTO "BIANMU"."SYS_ROLE_MENU"("RM_ID","ROLE_ID","MENU_ID","CREATE_TIME","CREATE_USER","MODIFY_TIME","MODIFY_USER") VALUES('1403293676430872577','3fb1c570496d4c09ab99b8d31b06zzz','35cb950cebb04bb18bb1d8b742a02005','2021-06-11 18:10:59.053000','sa','2021-06-11 18:10:59.053000','sa');
INSERT INTO "BIANMU"."SYS_ROLE_MENU"("RM_ID","ROLE_ID","MENU_ID","CREATE_TIME","CREATE_USER","MODIFY_TIME","MODIFY_USER") VALUES('1403293676430872578','3fb1c570496d4c09ab99b8d31b06zzz','1395683641940930561','2021-06-11 18:10:59.053000','sa','2021-06-11 18:10:59.053000','sa');
INSERT INTO "BIANMU"."SYS_ROLE_MENU"("RM_ID","ROLE_ID","MENU_ID","CREATE_TIME","CREATE_USER","MODIFY_TIME","MODIFY_USER") VALUES('1403293676435066881','3fb1c570496d4c09ab99b8d31b06zzz','1394608708724883458','2021-06-11 18:10:59.054000','sa','2021-06-11 18:10:59.054000','sa');
INSERT INTO "BIANMU"."SYS_ROLE_MENU"("RM_ID","ROLE_ID","MENU_ID","CREATE_TIME","CREATE_USER","MODIFY_TIME","MODIFY_USER") VALUES('1403293676435066882','3fb1c570496d4c09ab99b8d31b06zzz','1398212349469814786','2021-06-11 18:10:59.054000','sa','2021-06-11 18:10:59.054000','sa');
INSERT INTO "BIANMU"."SYS_ROLE_MENU"("RM_ID","ROLE_ID","MENU_ID","CREATE_TIME","CREATE_USER","MODIFY_TIME","MODIFY_USER") VALUES('1403293676435066883','3fb1c570496d4c09ab99b8d31b06zzz','1398220652371406850','2021-06-11 18:10:59.054000','sa','2021-06-11 18:10:59.054000','sa');
INSERT INTO "BIANMU"."SYS_ROLE_MENU"("RM_ID","ROLE_ID","MENU_ID","CREATE_TIME","CREATE_USER","MODIFY_TIME","MODIFY_USER") VALUES('1403293676435066884','3fb1c570496d4c09ab99b8d31b06zzz','1398220980760244226','2021-06-11 18:10:59.054000','sa','2021-06-11 18:10:59.054000','sa');
INSERT INTO "BIANMU"."SYS_ROLE_MENU"("RM_ID","ROLE_ID","MENU_ID","CREATE_TIME","CREATE_USER","MODIFY_TIME","MODIFY_USER") VALUES('1403293676435066885','3fb1c570496d4c09ab99b8d31b06zzz','1398220873180540930','2021-06-11 18:10:59.054000','sa','2021-06-11 18:10:59.055000','sa');
INSERT INTO "BIANMU"."SYS_ROLE_MENU"("RM_ID","ROLE_ID","MENU_ID","CREATE_TIME","CREATE_USER","MODIFY_TIME","MODIFY_USER") VALUES('1403293676439261186','3fb1c570496d4c09ab99b8d31b06zzz','1398221289695899650','2021-06-11 18:10:59.055000','sa','2021-06-11 18:10:59.055000','sa');
INSERT INTO "BIANMU"."SYS_ROLE_MENU"("RM_ID","ROLE_ID","MENU_ID","CREATE_TIME","CREATE_USER","MODIFY_TIME","MODIFY_USER") VALUES('1403293676439261187','3fb1c570496d4c09ab99b8d31b06zzz','35cb950cebb04bb18bb1d8b742a02xxx','2021-06-11 18:10:59.055000','sa','2021-06-11 18:10:59.055000','sa');
INSERT INTO "BIANMU"."SYS_ROLE_MENU"("RM_ID","ROLE_ID","MENU_ID","CREATE_TIME","CREATE_USER","MODIFY_TIME","MODIFY_USER") VALUES('1403293676439261188','3fb1c570496d4c09ab99b8d31b06zzz','35cb950cebb04bb18bb1d8b742a02xzz','2021-06-11 18:10:59.055000','sa','2021-06-11 18:10:59.055000','sa');
INSERT INTO "BIANMU"."SYS_ROLE_MENU"("RM_ID","ROLE_ID","MENU_ID","CREATE_TIME","CREATE_USER","MODIFY_TIME","MODIFY_USER") VALUES('1403293676439261189','3fb1c570496d4c09ab99b8d31b06zzz','35cb950cebb04bb18bb1d8b742a02xaa','2021-06-11 18:10:59.055000','sa','2021-06-11 18:10:59.055000','sa');
INSERT INTO "BIANMU"."SYS_ROLE_MENU"("RM_ID","ROLE_ID","MENU_ID","CREATE_TIME","CREATE_USER","MODIFY_TIME","MODIFY_USER") VALUES('1403293676443455489','3fb1c570496d4c09ab99b8d31b06zzz','d6d8b301316b43f2a9fb33caf1286365','2021-06-11 18:10:59.056000','sa','2021-06-11 18:10:59.056000','sa');
INSERT INTO "BIANMU"."SYS_ROLE_MENU"("RM_ID","ROLE_ID","MENU_ID","CREATE_TIME","CREATE_USER","MODIFY_TIME","MODIFY_USER") VALUES('1403293676443455490','3fb1c570496d4c09ab99b8d31b06zzz','35cb950cebb04bb18bb1d8b742a02xcc','2021-06-11 18:10:59.056000','sa','2021-06-11 18:10:59.056000','sa');
INSERT INTO "BIANMU"."SYS_ROLE_MENU"("RM_ID","ROLE_ID","MENU_ID","CREATE_TIME","CREATE_USER","MODIFY_TIME","MODIFY_USER") VALUES('1403293676443455491','3fb1c570496d4c09ab99b8d31b06zzz','1395181308886904834','2021-06-11 18:10:59.056000','sa','2021-06-11 18:10:59.056000','sa');
INSERT INTO "BIANMU"."SYS_ROLE_MENU"("RM_ID","ROLE_ID","MENU_ID","CREATE_TIME","CREATE_USER","MODIFY_TIME","MODIFY_USER") VALUES('1403293676443455492','3fb1c570496d4c09ab99b8d31b06zzz','74315e162f524a4d88aa931f02416f26','2021-06-11 18:10:59.056000','sa','2021-06-11 18:10:59.056000','sa');
INSERT INTO "BIANMU"."SYS_ROLE_MENU"("RM_ID","ROLE_ID","MENU_ID","CREATE_TIME","CREATE_USER","MODIFY_TIME","MODIFY_USER") VALUES('1403293676447649793','3fb1c570496d4c09ab99b8d31b06zzz','914aa22c78af4327822061f3eada4067','2021-06-11 18:10:59.057000','sa','2021-06-11 18:10:59.057000','sa');
INSERT INTO "BIANMU"."SYS_ROLE_MENU"("RM_ID","ROLE_ID","MENU_ID","CREATE_TIME","CREATE_USER","MODIFY_TIME","MODIFY_USER") VALUES('1403293676447649794','3fb1c570496d4c09ab99b8d31b06zzz','d6d8b301316b43f2a9fb33caf1286376','2021-06-11 18:10:59.057000','sa','2021-06-11 18:10:59.057000','sa');
INSERT INTO "BIANMU"."SYS_ROLE_MENU"("RM_ID","ROLE_ID","MENU_ID","CREATE_TIME","CREATE_USER","MODIFY_TIME","MODIFY_USER") VALUES('1403293676447649795','3fb1c570496d4c09ab99b8d31b06zzz','bcf17dc0ce304f0ba02d64ce21ddb4f9','2021-06-11 18:10:59.057000','sa','2021-06-11 18:10:59.057000','sa');

INSERT INTO "BIANMU"."SYS_ROLE_PERMISSIONS"("RP_ID","ROLE_ID","PERMIS_ID","CREATE_TIME","CREATE_USER","MODIFY_TIME","MODIFY_USER") VALUES('1395632845882814465','3fb1c570496d4c09ab99b8d31b06ccc','PERMIS_ONLY_SELF','2021-05-21 14:49:34.720000','admin','2021-05-21 14:49:34.720000','admin');
INSERT INTO "BIANMU"."SYS_ROLE_PERMISSIONS"("RP_ID","ROLE_ID","PERMIS_ID","CREATE_TIME","CREATE_USER","MODIFY_TIME","MODIFY_USER") VALUES('1395632936928571393','1394865016111792130','PERMIS_ONLY_SELF','2021-05-21 14:49:56.426000','admin','2021-05-21 14:49:56.426000','admin');
INSERT INTO "BIANMU"."SYS_ROLE_PERMISSIONS"("RP_ID","ROLE_ID","PERMIS_ID","CREATE_TIME","CREATE_USER","MODIFY_TIME","MODIFY_USER") VALUES('1395632945623363586','1394865016111792130','PERMIS_ONLY_ORG','2021-05-21 14:49:58.499000','admin','2021-05-21 14:49:58.500000','admin');
INSERT INTO "BIANMU"."SYS_ROLE_PERMISSIONS"("RP_ID","ROLE_ID","PERMIS_ID","CREATE_TIME","CREATE_USER","MODIFY_TIME","MODIFY_USER") VALUES('1403293811126751234','3fb1c570496d4c09ab99b8d31b06zzz','PERMIS_ROOT','2021-06-11 18:11:31.167000','sa','2021-06-11 18:11:31.167000','sa');
INSERT INTO "BIANMU"."SYS_ROLE_PERMISSIONS"("RP_ID","ROLE_ID","PERMIS_ID","CREATE_TIME","CREATE_USER","MODIFY_TIME","MODIFY_USER") VALUES('1403293827279015938','3fb1c570496d4c09ab99b8d31b06xxx','PERMIS_ORG_LEADER','2021-06-11 18:11:35.018000','sa','2021-06-11 18:11:35.018000','sa');

INSERT INTO "BIANMU"."SYS_SETTING"("ID","SYS_NAME","SYS_LOGO","SYS_BOTTOM_TEXT","SYS_NOTICE_TEXT","CREATE_TIME","MODIFY_TIME","USER_INIT_PASSWORD","SYS_COLOR","SYS_API_ENCRYPT","CREATE_USER","MODIFY_USER") VALUES('1','数据编目系统','http://nwzimg.wezhan.cn/contents/sitefiles2017/10089822/images/9953422.gif','关键科技・数据编目系统','<h1 style="white-space: normal; text-align: center;"><span style="color: rgb(255, 0, 0);">通知</span></h1><p style="white-space: normal;"><span style="color: rgb(255, 0, 0);">1、不得在公共场合吸烟；</span></p><p style="white-space: normal;"><span style="color: rgb(255, 0, 0);">2、xxxxxxx；</span></p><p><br/></p>','2019-09-17 00:00:00','2021-05-14 12:34:11','123456','','Y',null,'admin');

INSERT INTO "BIANMU"."SYS_USER"("USER_ID","LOGIN_NAME","USER_NAME","PASSWORD","VALID","LIMITED_IP","EXPIRED_TIME","LAST_CHANGE_PWD_TIME","LIMIT_MULTI_LOGIN","CREATE_TIME","MODIFY_TIME","ORG_ID","CREATE_USER","MODIFY_USER","IS_DELETE") VALUES('sa','sa','超级管理员','E10ADC3949BA59ABBE56E057F20F883E','1','',null,'2019-09-17 12:00:36.000000','1','2019-07-19 16:36:03.000000','2021-05-12 16:00:36.000000','ROOT',null,'admin','0');
INSERT INTO "BIANMU"."SYS_USER"("USER_ID","LOGIN_NAME","USER_NAME","PASSWORD","VALID","LIMITED_IP","EXPIRED_TIME","LAST_CHANGE_PWD_TIME","LIMIT_MULTI_LOGIN","CREATE_TIME","MODIFY_TIME","ORG_ID","CREATE_USER","MODIFY_USER","IS_DELETE") VALUES('admin','admin','管理员','E10ADC3949BA59ABBE56E057F20F883E','1','',null,'2019-09-17 12:00:36.000000','1','2019-07-19 16:36:03.000000','2021-05-11 11:43:10.000000','ROOT',null,null,'0');
INSERT INTO "BIANMU"."SYS_USER"("USER_ID","LOGIN_NAME","USER_NAME","PASSWORD","VALID","LIMITED_IP","EXPIRED_TIME","LAST_CHANGE_PWD_TIME","LIMIT_MULTI_LOGIN","CREATE_TIME","MODIFY_TIME","ORG_ID","CREATE_USER","MODIFY_USER","IS_DELETE") VALUES('1392386678793334785','zhangsan','张三','E10ADC3949BA59ABBE56E057F20F883E','1','',null,'2021-05-12 15:49:55.000000','1','2021-05-12 15:49:55.000000','2021-05-14 16:59:41.295000','ROOT','admin','admin','0');
INSERT INTO "BIANMU"."SYS_USER"("USER_ID","LOGIN_NAME","USER_NAME","PASSWORD","VALID","LIMITED_IP","EXPIRED_TIME","LAST_CHANGE_PWD_TIME","LIMIT_MULTI_LOGIN","CREATE_TIME","MODIFY_TIME","ORG_ID","CREATE_USER","MODIFY_USER","IS_DELETE") VALUES('1393110311903920130','ceshi','测试','E10ADC3949BA59ABBE56E057F20F883E','1','',null,null,'0','2021-05-14 15:45:55.752000','2021-05-17 16:03:51.951000','120000','admin','admin','0');
INSERT INTO "BIANMU"."SYS_USER"("USER_ID","LOGIN_NAME","USER_NAME","PASSWORD","VALID","LIMITED_IP","EXPIRED_TIME","LAST_CHANGE_PWD_TIME","LIMIT_MULTI_LOGIN","CREATE_TIME","MODIFY_TIME","ORG_ID","CREATE_USER","MODIFY_USER","IS_DELETE") VALUES('1393112007103184898','yoyoyo','哟哟哟','E10ADC3949BA59ABBE56E057F20F883E','1','',null,null,'0','2021-05-14 15:52:39.919000','2021-05-17 16:04:13.961000','120000','admin','admin','0');
INSERT INTO "BIANMU"."SYS_USER"("USER_ID","LOGIN_NAME","USER_NAME","PASSWORD","VALID","LIMITED_IP","EXPIRED_TIME","LAST_CHANGE_PWD_TIME","LIMIT_MULTI_LOGIN","CREATE_TIME","MODIFY_TIME","ORG_ID","CREATE_USER","MODIFY_USER","IS_DELETE") VALUES('1394204684158750721','','','E10ADC3949BA59ABBE56E057F20F883E','1','',null,null,'1','2021-05-17 16:14:34.432000','2021-05-17 16:14:34.432000','100000','admin','admin','1');
INSERT INTO "BIANMU"."SYS_USER"("USER_ID","LOGIN_NAME","USER_NAME","PASSWORD","VALID","LIMITED_IP","EXPIRED_TIME","LAST_CHANGE_PWD_TIME","LIMIT_MULTI_LOGIN","CREATE_TIME","MODIFY_TIME","ORG_ID","CREATE_USER","MODIFY_USER","IS_DELETE") VALUES('1394206039468396546','1111','哈哈哈','E10ADC3949BA59ABBE56E057F20F883E','1','',null,null,'1','2021-05-17 16:19:57.562000','2021-05-17 16:19:57.562000','120000','admin','admin','0');
INSERT INTO "BIANMU"."SYS_USER"("USER_ID","LOGIN_NAME","USER_NAME","PASSWORD","VALID","LIMITED_IP","EXPIRED_TIME","LAST_CHANGE_PWD_TIME","LIMIT_MULTI_LOGIN","CREATE_TIME","MODIFY_TIME","ORG_ID","CREATE_USER","MODIFY_USER","IS_DELETE") VALUES('1402167433308295170','lisi','李四','E10ADC3949BA59ABBE56E057F20F883E','1','',null,null,'1','2021-06-08 15:35:41.769000','2021-06-08 15:35:41.770000','120200','admin','admin','0');
INSERT INTO "BIANMU"."SYS_USER"("USER_ID","LOGIN_NAME","USER_NAME","PASSWORD","VALID","LIMITED_IP","EXPIRED_TIME","LAST_CHANGE_PWD_TIME","LIMIT_MULTI_LOGIN","CREATE_TIME","MODIFY_TIME","ORG_ID","CREATE_USER","MODIFY_USER","IS_DELETE") VALUES('1402429787635867650','zhaoliu','赵六','E10ADC3949BA59ABBE56E057F20F883E','1','',null,null,'1','2021-06-09 08:58:11.915000','2021-06-09 08:58:11.917000','120200','admin','admin','0');
INSERT INTO "BIANMU"."SYS_USER"("USER_ID","LOGIN_NAME","USER_NAME","PASSWORD","VALID","LIMITED_IP","EXPIRED_TIME","LAST_CHANGE_PWD_TIME","LIMIT_MULTI_LOGIN","CREATE_TIME","MODIFY_TIME","ORG_ID","CREATE_USER","MODIFY_USER","IS_DELETE") VALUES('1402430112333717505','wangwu','王五','E10ADC3949BA59ABBE56E057F20F883E','1','',null,null,'1','2021-06-09 08:59:29.328000','2021-06-26 11:30:56.138000','120000','admin','sa','0');
INSERT INTO "BIANMU"."SYS_USER"("USER_ID","LOGIN_NAME","USER_NAME","PASSWORD","VALID","LIMITED_IP","EXPIRED_TIME","LAST_CHANGE_PWD_TIME","LIMIT_MULTI_LOGIN","CREATE_TIME","MODIFY_TIME","ORG_ID","CREATE_USER","MODIFY_USER","IS_DELETE") VALUES('1405063495039832065','abcα♀','α','E10ADC3949BA59ABBE56E057F20F883E','1','',null,null,'1','2021-06-16 15:23:36.693000','2021-06-16 15:39:23.962000','ROOT','sa','sa','0');
INSERT INTO "BIANMU"."SYS_USER"("USER_ID","LOGIN_NAME","USER_NAME","PASSWORD","VALID","LIMITED_IP","EXPIRED_TIME","LAST_CHANGE_PWD_TIME","LIMIT_MULTI_LOGIN","CREATE_TIME","MODIFY_TIME","ORG_ID","CREATE_USER","MODIFY_USER","IS_DELETE") VALUES('1406879177876316162','未读','未达到','E10ADC3949BA59ABBE56E057F20F883E','1','',null,null,'1','2021-06-21 15:38:29.213000','2021-06-21 15:38:29.213000','100000','sa','sa','0');

INSERT INTO "BIANMU"."SYS_USER_ROLE"("USER_ROLE_ID","USER_ID","ROLE_ID","CREATE_TIME","MODIFY_TIME","CREATE_USER","MODIFY_USER") VALUES('1391962055421341700','admin','3fb1c570496d4c09ab99b8d31b06zzz','2021-05-11 11:43:10','2021-05-11 11:43:10',null,null);
INSERT INTO "BIANMU"."SYS_USER_ROLE"("USER_ROLE_ID","USER_ID","ROLE_ID","CREATE_TIME","MODIFY_TIME","CREATE_USER","MODIFY_USER") VALUES('1392388871365750786','1392386678793334785','3fb1c570496d4c09ab99b8d31b06ccc','2021-05-12 15:59:11','2021-05-12 15:59:11','admin','admin');
INSERT INTO "BIANMU"."SYS_USER_ROLE"("USER_ROLE_ID","USER_ID","ROLE_ID","CREATE_TIME","MODIFY_TIME","CREATE_USER","MODIFY_USER") VALUES('1392389228603011074','sa','3fb1c570496d4c09ab99b8d31b06zzz','2021-05-12 16:00:36','2021-05-12 16:00:36','admin','admin');
INSERT INTO "BIANMU"."SYS_USER_ROLE"("USER_ROLE_ID","USER_ID","ROLE_ID","CREATE_TIME","MODIFY_TIME","CREATE_USER","MODIFY_USER") VALUES('1403290226515197953','1402429787635867650','3fb1c570496d4c09ab99b8d31b06ccc','2021-06-11 17:57:17','2021-06-11 17:57:17','sa','sa');
INSERT INTO "BIANMU"."SYS_USER_ROLE"("USER_ROLE_ID","USER_ID","ROLE_ID","CREATE_TIME","MODIFY_TIME","CREATE_USER","MODIFY_USER") VALUES('1403293963510009857','1402430112333717505','3fb1c570496d4c09ab99b8d31b06xxx','2021-06-11 18:12:07','2021-06-11 18:12:07','sa','sa');
INSERT INTO "BIANMU"."SYS_USER_ROLE"("USER_ROLE_ID","USER_ID","ROLE_ID","CREATE_TIME","MODIFY_TIME","CREATE_USER","MODIFY_USER") VALUES('1403294968884678658','1402167433308295170','3fb1c570496d4c09ab99b8d31b06xxx','2021-06-11 18:16:07','2021-06-11 18:16:07','1402430112333717505','1402430112333717505');

ALTER TABLE "BIANMU"."SYS_USER_ROLE" ADD CONSTRAINT  PRIMARY KEY("USER_ROLE_ID") ;

ALTER TABLE "BIANMU"."SYS_USER" ADD CONSTRAINT  PRIMARY KEY("USER_ID") ;

ALTER TABLE "BIANMU"."SYS_SHORTCUT_MENU" ADD CONSTRAINT  PRIMARY KEY("SHORTCUT_MENU_ID") ;

ALTER TABLE "BIANMU"."SYS_SETTING" ADD CONSTRAINT  PRIMARY KEY("ID") ;

ALTER TABLE "BIANMU"."SYS_ROLE" ADD CONSTRAINT  PRIMARY KEY("ROLE_ID") ;

ALTER TABLE "BIANMU"."SYS_ORG" ADD CONSTRAINT "CONS134218775" UNIQUE("ORG_NUMBER") ;

ALTER TABLE "BIANMU"."SYS_MENU" ADD CONSTRAINT  PRIMARY KEY("MENU_ID") ;

ALTER TABLE "BIANMU"."B_METADATA_DETAILS" ADD CONSTRAINT  PRIMARY KEY("ID") ;

COMMENT ON TABLE "BIANMU"."SYS_USER_ROLE" IS '系统用户角色关系表';

COMMENT ON COLUMN "BIANMU"."SYS_USER_ROLE"."USER_ROLE_ID" IS '关系主键';

COMMENT ON COLUMN "BIANMU"."SYS_USER_ROLE"."USER_ID" IS '用户ID';

COMMENT ON COLUMN "BIANMU"."SYS_USER_ROLE"."ROLE_ID" IS '角色ID';

COMMENT ON COLUMN "BIANMU"."SYS_USER_ROLE"."CREATE_TIME" IS '创建时间';

COMMENT ON COLUMN "BIANMU"."SYS_USER_ROLE"."MODIFY_TIME" IS '修改时间';

COMMENT ON COLUMN "BIANMU"."SYS_USER_ROLE"."CREATE_USER" IS '创建用户';

COMMENT ON COLUMN "BIANMU"."SYS_USER_ROLE"."MODIFY_USER" IS '修改用户';

CREATE UNIQUE INDEX "INDEX31481468347887"
ON "BIANMU"."SYS_USER"("USER_ID");

COMMENT ON TABLE "BIANMU"."SYS_USER" IS '系统用户表';

COMMENT ON COLUMN "BIANMU"."SYS_USER"."USER_ID" IS '用户id';

COMMENT ON COLUMN "BIANMU"."SYS_USER"."LOGIN_NAME" IS '登录名';

COMMENT ON COLUMN "BIANMU"."SYS_USER"."USER_NAME" IS '用户名称';

COMMENT ON COLUMN "BIANMU"."SYS_USER"."PASSWORD" IS '登录密码';

COMMENT ON COLUMN "BIANMU"."SYS_USER"."VALID" IS '是否允许登录系统（0：不允许，1：允许）';

COMMENT ON COLUMN "BIANMU"."SYS_USER"."LIMITED_IP" IS '限制允许登录的IP集合';

COMMENT ON COLUMN "BIANMU"."SYS_USER"."EXPIRED_TIME" IS '账号失效时间，超过时间将不能登录系统';

COMMENT ON COLUMN "BIANMU"."SYS_USER"."LAST_CHANGE_PWD_TIME" IS '最近修改密码时间，超出时间间隔，提示用户修改密码';

COMMENT ON COLUMN "BIANMU"."SYS_USER"."LIMIT_MULTI_LOGIN" IS '是否允许账号同一个时刻多人在线，（0：不允许，1：允许）';

COMMENT ON COLUMN "BIANMU"."SYS_USER"."CREATE_TIME" IS '创建时间';

COMMENT ON COLUMN "BIANMU"."SYS_USER"."MODIFY_TIME" IS '修改时间';

COMMENT ON COLUMN "BIANMU"."SYS_USER"."ORG_ID" IS '组织机构ID';

COMMENT ON COLUMN "BIANMU"."SYS_USER"."CREATE_USER" IS '创建用户';

COMMENT ON COLUMN "BIANMU"."SYS_USER"."MODIFY_USER" IS '修改用户';

COMMENT ON COLUMN "BIANMU"."SYS_USER"."IS_DELETE" IS '是否删除（0：未删除，1：已删除）';

CREATE UNIQUE INDEX "INDEX31130075251892"
ON "BIANMU"."SYS_SHORTCUT_MENU"("SHORTCUT_MENU_ID");

COMMENT ON TABLE "BIANMU"."SYS_SHORTCUT_MENU" IS '用户快捷菜单表';

COMMENT ON COLUMN "BIANMU"."SYS_SHORTCUT_MENU"."SHORTCUT_MENU_ID" IS '用户快捷菜单id';

COMMENT ON COLUMN "BIANMU"."SYS_SHORTCUT_MENU"."SHORTCUT_MENU_NAME" IS '用户快捷菜单名称';

COMMENT ON COLUMN "BIANMU"."SYS_SHORTCUT_MENU"."SHORTCUT_MENU_PATH" IS '用户快捷菜单路径';

COMMENT ON COLUMN "BIANMU"."SYS_SHORTCUT_MENU"."USER_ID" IS '用户id';

COMMENT ON COLUMN "BIANMU"."SYS_SHORTCUT_MENU"."SHORTCUT_MENU_PARENT_ID" IS '上级id';

COMMENT ON COLUMN "BIANMU"."SYS_SHORTCUT_MENU"."SORT_WEIGHT" IS '同级排序权重';

COMMENT ON COLUMN "BIANMU"."SYS_SHORTCUT_MENU"."CREATE_TIME" IS '创建时间';

COMMENT ON COLUMN "BIANMU"."SYS_SHORTCUT_MENU"."MODIFY_TIME" IS '修改时间';

COMMENT ON COLUMN "BIANMU"."SYS_SHORTCUT_MENU"."CREATE_USER" IS '创建用户';

COMMENT ON COLUMN "BIANMU"."SYS_SHORTCUT_MENU"."MODIFY_USER" IS '修改用户';

CREATE UNIQUE INDEX "INDEX31130097574959"
ON "BIANMU"."SYS_SETTING"("ID");

COMMENT ON TABLE "BIANMU"."SYS_SETTING" IS '系统设置表';

COMMENT ON COLUMN "BIANMU"."SYS_SETTING"."ID" IS '表id';

COMMENT ON COLUMN "BIANMU"."SYS_SETTING"."SYS_NAME" IS '系统名称';

COMMENT ON COLUMN "BIANMU"."SYS_SETTING"."SYS_LOGO" IS '系统logo图标';

COMMENT ON COLUMN "BIANMU"."SYS_SETTING"."SYS_BOTTOM_TEXT" IS '系统底部信息';

COMMENT ON COLUMN "BIANMU"."SYS_SETTING"."SYS_NOTICE_TEXT" IS '系统公告';

COMMENT ON COLUMN "BIANMU"."SYS_SETTING"."CREATE_TIME" IS '创建时间';

COMMENT ON COLUMN "BIANMU"."SYS_SETTING"."MODIFY_TIME" IS '修改时间';

COMMENT ON COLUMN "BIANMU"."SYS_SETTING"."USER_INIT_PASSWORD" IS '用户管理：初始、重置密码';

COMMENT ON COLUMN "BIANMU"."SYS_SETTING"."SYS_COLOR" IS '系统颜色';

COMMENT ON COLUMN "BIANMU"."SYS_SETTING"."SYS_API_ENCRYPT" IS 'API加密 Y/N';

COMMENT ON COLUMN "BIANMU"."SYS_SETTING"."CREATE_USER" IS '创建用户';

COMMENT ON COLUMN "BIANMU"."SYS_SETTING"."MODIFY_USER" IS '修改用户';

COMMENT ON TABLE "BIANMU"."SYS_ROLE_PERMISSIONS" IS '系统角色与权限关系表';

COMMENT ON COLUMN "BIANMU"."SYS_ROLE_PERMISSIONS"."RP_ID" IS '主键';

COMMENT ON COLUMN "BIANMU"."SYS_ROLE_PERMISSIONS"."ROLE_ID" IS '角色ID';

COMMENT ON COLUMN "BIANMU"."SYS_ROLE_PERMISSIONS"."PERMIS_ID" IS '权限ID';

COMMENT ON COLUMN "BIANMU"."SYS_ROLE_PERMISSIONS"."CREATE_TIME" IS '创建时间';

COMMENT ON COLUMN "BIANMU"."SYS_ROLE_PERMISSIONS"."CREATE_USER" IS '创建用户';

COMMENT ON COLUMN "BIANMU"."SYS_ROLE_PERMISSIONS"."MODIFY_TIME" IS '修改时间';

COMMENT ON COLUMN "BIANMU"."SYS_ROLE_PERMISSIONS"."MODIFY_USER" IS '修改用户';

COMMENT ON TABLE "BIANMU"."SYS_ROLE_MENU" IS '系统角色菜单关系表';

COMMENT ON COLUMN "BIANMU"."SYS_ROLE_MENU"."RM_ID" IS '主键';

COMMENT ON COLUMN "BIANMU"."SYS_ROLE_MENU"."ROLE_ID" IS '角色ID';

COMMENT ON COLUMN "BIANMU"."SYS_ROLE_MENU"."MENU_ID" IS '菜单ID';

COMMENT ON COLUMN "BIANMU"."SYS_ROLE_MENU"."CREATE_TIME" IS '创建时间';

COMMENT ON COLUMN "BIANMU"."SYS_ROLE_MENU"."CREATE_USER" IS '创建用户';

COMMENT ON COLUMN "BIANMU"."SYS_ROLE_MENU"."MODIFY_TIME" IS '修改时间';

COMMENT ON COLUMN "BIANMU"."SYS_ROLE_MENU"."MODIFY_USER" IS '修改用户';

COMMENT ON TABLE "BIANMU"."SYS_ROLE" IS '系统角色表';

COMMENT ON COLUMN "BIANMU"."SYS_ROLE"."ROLE_ID" IS '角色ID';

COMMENT ON COLUMN "BIANMU"."SYS_ROLE"."ROLE_NAME" IS '角色名称';

COMMENT ON COLUMN "BIANMU"."SYS_ROLE"."ROLE_REMARK" IS '角色描述';

COMMENT ON COLUMN "BIANMU"."SYS_ROLE"."CREATE_TIME" IS '创建时间';

COMMENT ON COLUMN "BIANMU"."SYS_ROLE"."MODIFY_TIME" IS '修改时间';

COMMENT ON COLUMN "BIANMU"."SYS_ROLE"."ROLE_CONTENT" IS '权限内容';

COMMENT ON COLUMN "BIANMU"."SYS_ROLE"."CREATE_USER" IS '创建用户';

COMMENT ON COLUMN "BIANMU"."SYS_ROLE"."MODIFY_USER" IS '修改用户';

COMMENT ON TABLE "BIANMU"."SYS_PERMISSIONS" IS '系统权限表';

COMMENT ON COLUMN "BIANMU"."SYS_PERMISSIONS"."PERMIS_ID" IS '权限ID';

COMMENT ON COLUMN "BIANMU"."SYS_PERMISSIONS"."PERMIS_NAME" IS '权限名称';

COMMENT ON COLUMN "BIANMU"."SYS_PERMISSIONS"."PERMIS_REMARK" IS '权限描述';

COMMENT ON COLUMN "BIANMU"."SYS_PERMISSIONS"."PERMIS_SCOPE" IS '数据权限范围';

COMMENT ON COLUMN "BIANMU"."SYS_PERMISSIONS"."HAS_SELECT" IS '查询权限（0：无权限，1：有权限）';

COMMENT ON COLUMN "BIANMU"."SYS_PERMISSIONS"."HAS_ADD" IS '新增权限（0：无权限，1：有权限）';

COMMENT ON COLUMN "BIANMU"."SYS_PERMISSIONS"."HAS_EDIT" IS '编辑权限（0：无权限，1：有权限）';

COMMENT ON COLUMN "BIANMU"."SYS_PERMISSIONS"."HAS_DELETE" IS '删除权限（0：无权限，1：有权限）';

COMMENT ON COLUMN "BIANMU"."SYS_PERMISSIONS"."CREATE_TIME" IS '创建时间';

COMMENT ON COLUMN "BIANMU"."SYS_PERMISSIONS"."CREATE_USER" IS '创建用户';

COMMENT ON COLUMN "BIANMU"."SYS_PERMISSIONS"."MODIFY_TIME" IS '修改时间';

COMMENT ON COLUMN "BIANMU"."SYS_PERMISSIONS"."MODIFY_USER" IS '修改用户';

COMMENT ON TABLE "BIANMU"."SYS_ORG" IS '组织机构表';

COMMENT ON COLUMN "BIANMU"."SYS_ORG"."ID" IS '主键';

COMMENT ON COLUMN "BIANMU"."SYS_ORG"."ORG_NUMBER" IS '机构编号';

COMMENT ON COLUMN "BIANMU"."SYS_ORG"."ORG_NAME" IS '机构名称';

COMMENT ON COLUMN "BIANMU"."SYS_ORG"."ORG_SHORT_NAME" IS '机构简称';

COMMENT ON COLUMN "BIANMU"."SYS_ORG"."ORG_PARENT_ID" IS '父机构ID';

COMMENT ON COLUMN "BIANMU"."SYS_ORG"."ORG_PATH" IS '机构路径';

COMMENT ON COLUMN "BIANMU"."SYS_ORG"."LEADER" IS '机构负责人';

COMMENT ON COLUMN "BIANMU"."SYS_ORG"."REMARK" IS '机构描述';

COMMENT ON COLUMN "BIANMU"."SYS_ORG"."SORT" IS '排列顺序';

COMMENT ON COLUMN "BIANMU"."SYS_ORG"."IS_DELETE" IS '是否删除（0：未删除，1：已删除）';

COMMENT ON COLUMN "BIANMU"."SYS_ORG"."CREATE_TIME" IS '创建时间';

COMMENT ON COLUMN "BIANMU"."SYS_ORG"."CREATE_USER" IS '创建用户';

COMMENT ON COLUMN "BIANMU"."SYS_ORG"."MODIFY_TIME" IS '修改时间';

COMMENT ON COLUMN "BIANMU"."SYS_ORG"."MODIFY_USER" IS '修改用户';

COMMENT ON COLUMN "BIANMU"."SYS_ORG"."ORG_PARENT_NAME" IS '父机构名称';

COMMENT ON COLUMN "BIANMU"."SYS_ORG"."LEADER_NAME" IS '机构负责人名称';

COMMENT ON TABLE "BIANMU"."SYS_NOTIFICATION_UNREAD" IS '系统通知未读表';

COMMENT ON COLUMN "BIANMU"."SYS_NOTIFICATION_UNREAD"."ID" IS '主键';

COMMENT ON COLUMN "BIANMU"."SYS_NOTIFICATION_UNREAD"."USER_ID" IS '用户ID';

COMMENT ON COLUMN "BIANMU"."SYS_NOTIFICATION_UNREAD"."NOTIFICATION_ID" IS '系统通知ID';

COMMENT ON COLUMN "BIANMU"."SYS_NOTIFICATION_UNREAD"."CREATE_USER" IS '创建用户';

COMMENT ON COLUMN "BIANMU"."SYS_NOTIFICATION_UNREAD"."CREATE_TIME" IS '创建时间';

COMMENT ON COLUMN "BIANMU"."SYS_NOTIFICATION_UNREAD"."MODIFY_USER" IS '修改用户';

COMMENT ON COLUMN "BIANMU"."SYS_NOTIFICATION_UNREAD"."MODIFY_TIME" IS '修改时间';

COMMENT ON TABLE "BIANMU"."SYS_NOTIFICATION" IS '系统通知表';

COMMENT ON COLUMN "BIANMU"."SYS_NOTIFICATION"."ID" IS '主键ID';

COMMENT ON COLUMN "BIANMU"."SYS_NOTIFICATION"."FROM_ID" IS '发送人ID';

COMMENT ON COLUMN "BIANMU"."SYS_NOTIFICATION"."RECEIVE_ID" IS '接收人ID，多个接收人ID使用`,`拼接，最多40人';

COMMENT ON COLUMN "BIANMU"."SYS_NOTIFICATION"."TITLE" IS '通知标题';

COMMENT ON COLUMN "BIANMU"."SYS_NOTIFICATION"."CONTENT" IS '通知内容，纯汉字内容最大不超过500个字符';

COMMENT ON COLUMN "BIANMU"."SYS_NOTIFICATION"."TYPE" IS '通知类型，NORMAL:普通通知（默认），METADATA_REVIEW:元数据审核，DIRECTORY_REVIEW:目录审核';

COMMENT ON COLUMN "BIANMU"."SYS_NOTIFICATION"."ALL_READ" IS '全部已读';

COMMENT ON COLUMN "BIANMU"."SYS_NOTIFICATION"."CREATE_USER" IS '创建用户';

COMMENT ON COLUMN "BIANMU"."SYS_NOTIFICATION"."CREATE_TIME" IS '创建时间';

COMMENT ON COLUMN "BIANMU"."SYS_NOTIFICATION"."MODIFY_USER" IS '修改用户';

COMMENT ON COLUMN "BIANMU"."SYS_NOTIFICATION"."MODIFY_TIME" IS '修改时间';

CREATE UNIQUE INDEX "INDEX31130120415298"
ON "BIANMU"."SYS_MENU"("MENU_ID");

COMMENT ON TABLE "BIANMU"."SYS_MENU" IS '系统菜单表';

COMMENT ON COLUMN "BIANMU"."SYS_MENU"."MENU_ID" IS '菜单id';

COMMENT ON COLUMN "BIANMU"."SYS_MENU"."MENU_NAME" IS '菜单名称';

COMMENT ON COLUMN "BIANMU"."SYS_MENU"."MENU_PATH" IS '菜单路径';

COMMENT ON COLUMN "BIANMU"."SYS_MENU"."MENU_PARENT_ID" IS '上级id';

COMMENT ON COLUMN "BIANMU"."SYS_MENU"."SORT_WEIGHT" IS '同级排序权重';

COMMENT ON COLUMN "BIANMU"."SYS_MENU"."CREATE_TIME" IS '创建时间';

COMMENT ON COLUMN "BIANMU"."SYS_MENU"."MODIFY_TIME" IS '修改时间';

COMMENT ON COLUMN "BIANMU"."SYS_MENU"."CREATE_USER" IS '创建用户';

COMMENT ON COLUMN "BIANMU"."SYS_MENU"."MODIFY_USER" IS '修改用户';

COMMENT ON COLUMN "BIANMU"."SYS_MENU"."IS_DELETE" IS '逻辑删除，0:未删除，1:已删除';

COMMENT ON TABLE "BIANMU"."SYS_FILE" IS '系统文件表';

COMMENT ON COLUMN "BIANMU"."SYS_FILE"."ID" IS '主键ID';

COMMENT ON COLUMN "BIANMU"."SYS_FILE"."ENTITY_ID" IS '实体对象ID';

COMMENT ON COLUMN "BIANMU"."SYS_FILE"."FILE_NAME" IS '文件名称';

COMMENT ON COLUMN "BIANMU"."SYS_FILE"."FILE_SUFFIX" IS '文件后缀';

COMMENT ON COLUMN "BIANMU"."SYS_FILE"."FILE_TYPE" IS '文件类型';

COMMENT ON COLUMN "BIANMU"."SYS_FILE"."FILE_SIZE" IS '文件大小（单位：MB）';

COMMENT ON COLUMN "BIANMU"."SYS_FILE"."LOCATION" IS '存储位置（local：本地存储，nas：NAS存储）';

COMMENT ON COLUMN "BIANMU"."SYS_FILE"."PATH" IS '存储路径';

COMMENT ON COLUMN "BIANMU"."SYS_FILE"."CREATE_USER" IS '创建用户';

COMMENT ON COLUMN "BIANMU"."SYS_FILE"."CREATE_TIME" IS '创建时间';

COMMENT ON COLUMN "BIANMU"."SYS_FILE"."MODIFY_USER" IS '修改用户';

COMMENT ON COLUMN "BIANMU"."SYS_FILE"."MODIFY_TIME" IS '修改时间';

COMMENT ON COLUMN "BIANMU"."SYS_FILE"."ENTRYSTAFF" IS '录入人员';

COMMENT ON COLUMN "BIANMU"."SYS_FILE"."EQUIPMENTMODEL" IS '装备型号';

COMMENT ON COLUMN "BIANMU"."SYS_FILE"."INPUTDATE" IS '收文时间';

COMMENT ON COLUMN "BIANMU"."SYS_FILE"."SOURCE" IS '文件来源';

COMMENT ON COLUMN "BIANMU"."SYS_FILE"."TASKCODE" IS '任务代号';

COMMENT ON COLUMN "BIANMU"."SYS_FILE"."TROOPCODE" IS '部队代号';

COMMENT ON COLUMN "BIANMU"."SYS_FILE"."TARGETNUMBER" IS '目标编号';

COMMENT ON COLUMN "BIANMU"."SYS_FILE"."MISSILENUMBER" IS '导弹编号';

COMMENT ON COLUMN "BIANMU"."SYS_FILE"."TASKNATURE" IS '任务性质';

CREATE UNIQUE INDEX "INDEX31130153725535"
ON "BIANMU"."PERSISTENT_LOGINS"("SERIES");

COMMENT ON TABLE "BIANMU"."PERSISTENT_LOGINS" IS 'persistent_logins表，用户实现记住我功能';

COMMENT ON COLUMN "BIANMU"."PERSISTENT_LOGINS"."SERIES" IS 'id';

COMMENT ON COLUMN "BIANMU"."PERSISTENT_LOGINS"."USERNAME" IS '登陆账号';

COMMENT ON COLUMN "BIANMU"."PERSISTENT_LOGINS"."TOKEN" IS 'cookie令牌';

COMMENT ON COLUMN "BIANMU"."PERSISTENT_LOGINS"."LAST_USED" IS '最后更新时间';

COMMENT ON TABLE "BIANMU"."B_REVIEW_RECORD" IS '审核记录表';

COMMENT ON COLUMN "BIANMU"."B_REVIEW_RECORD"."ID" IS '主键';

COMMENT ON COLUMN "BIANMU"."B_REVIEW_RECORD"."ENTITY_ID" IS '数据实体ID';

COMMENT ON COLUMN "BIANMU"."B_REVIEW_RECORD"."ENTITY_TYPE" IS '数据实体类型（"DIRECTORY"：目录，"METADATA"：元数据）';

COMMENT ON COLUMN "BIANMU"."B_REVIEW_RECORD"."REVIEW_OPERATE" IS '审核操作（"SUBMIT"：提交审核，"REVIEW_PASS"：审核通过， "REVIEW_FAIL"：审核不通过）';

COMMENT ON COLUMN "BIANMU"."B_REVIEW_RECORD"."REVIEW_OPINION" IS '审核意见';

COMMENT ON COLUMN "BIANMU"."B_REVIEW_RECORD"."CREATE_USER" IS '创建用户';

COMMENT ON COLUMN "BIANMU"."B_REVIEW_RECORD"."CREATE_TIME" IS '创建时间';

COMMENT ON COLUMN "BIANMU"."B_REVIEW_RECORD"."MODIFY_USER" IS '修改用户';

COMMENT ON COLUMN "BIANMU"."B_REVIEW_RECORD"."MODIFY_TIME" IS '修改时间';

COMMENT ON COLUMN "BIANMU"."B_REVIEW_RECORD"."ORG_ID" IS '所属机构ID';

COMMENT ON TABLE "BIANMU"."B_METADATA_DETAILS" IS '元数据详情表';

COMMENT ON COLUMN "BIANMU"."B_METADATA_DETAILS"."ID" IS '主键';

COMMENT ON COLUMN "BIANMU"."B_METADATA_DETAILS"."METADATA_ID" IS '元数据ID';

COMMENT ON COLUMN "BIANMU"."B_METADATA_DETAILS"."TABLE_NAME" IS '数据表名称';

COMMENT ON COLUMN "BIANMU"."B_METADATA_DETAILS"."MASTER" IS '是否主表 （1：是，0：否）';

COMMENT ON COLUMN "BIANMU"."B_METADATA_DETAILS"."TABLE_COMMENT" IS '数据表注释';

COMMENT ON COLUMN "BIANMU"."B_METADATA_DETAILS"."TABLE_PRIMARY_COLUMN" IS '数据表主键列';

COMMENT ON COLUMN "BIANMU"."B_METADATA_DETAILS"."TABLE_COLUMNS" IS '数据表字段';

COMMENT ON COLUMN "BIANMU"."B_METADATA_DETAILS"."FOREIGN_TABLE" IS '关联的外表';

COMMENT ON COLUMN "BIANMU"."B_METADATA_DETAILS"."FOREIGN_COLUMN" IS '外表的外键';

COMMENT ON COLUMN "BIANMU"."B_METADATA_DETAILS"."CREATE_USER" IS '创建人';

COMMENT ON COLUMN "BIANMU"."B_METADATA_DETAILS"."CREATE_TIME" IS '创建时间';

COMMENT ON COLUMN "BIANMU"."B_METADATA_DETAILS"."MODIFY_USER" IS '修改人';

COMMENT ON COLUMN "BIANMU"."B_METADATA_DETAILS"."MODIFY_TIME" IS '修改时间';

COMMENT ON TABLE "BIANMU"."B_METADATA_BASIC" IS '元数据表';

COMMENT ON COLUMN "BIANMU"."B_METADATA_BASIC"."ID" IS '主键';

COMMENT ON COLUMN "BIANMU"."B_METADATA_BASIC"."DATA_SOURCE_ID" IS '数据源表ID';

COMMENT ON COLUMN "BIANMU"."B_METADATA_BASIC"."METADATA_NAME" IS '元数据名称';

COMMENT ON COLUMN "BIANMU"."B_METADATA_BASIC"."METADATA_COMMENT" IS '元数据表中文注释';

COMMENT ON COLUMN "BIANMU"."B_METADATA_BASIC"."DATA_FROM" IS '数据来源';

COMMENT ON COLUMN "BIANMU"."B_METADATA_BASIC"."DATA_TYPE" IS '数据类型';

COMMENT ON COLUMN "BIANMU"."B_METADATA_BASIC"."SECRET_LEVEL" IS '数据密级';

COMMENT ON COLUMN "BIANMU"."B_METADATA_BASIC"."COLLECTION_TIME" IS '采集时间';

COMMENT ON COLUMN "BIANMU"."B_METADATA_BASIC"."THEME_TASK" IS '主题任务';

COMMENT ON COLUMN "BIANMU"."B_METADATA_BASIC"."REVIEW_STATUS" IS '数据审核状态（''UN_SUBMIT''：未提交，''SUBMITTED''：已提交，''PASS''：审核通过，''FAIL''：审核未通过）';

COMMENT ON COLUMN "BIANMU"."B_METADATA_BASIC"."ORG_ID" IS '所属机构ID';

COMMENT ON COLUMN "BIANMU"."B_METADATA_BASIC"."CREATE_USER" IS '创建人';

COMMENT ON COLUMN "BIANMU"."B_METADATA_BASIC"."CREATE_TIME" IS '创建时间';

COMMENT ON COLUMN "BIANMU"."B_METADATA_BASIC"."MODIFY_USER" IS '修改人';

COMMENT ON COLUMN "BIANMU"."B_METADATA_BASIC"."MODIFY_TIME" IS '修改时间';

COMMENT ON TABLE "BIANMU"."B_DIRECTORY_METADATA" IS '目录与元数据关系表';

COMMENT ON COLUMN "BIANMU"."B_DIRECTORY_METADATA"."ID" IS '主键';

COMMENT ON COLUMN "BIANMU"."B_DIRECTORY_METADATA"."DIRECTORY_ID" IS '目录ID';

COMMENT ON COLUMN "BIANMU"."B_DIRECTORY_METADATA"."METADATA_ID" IS '元数据ID';

COMMENT ON COLUMN "BIANMU"."B_DIRECTORY_METADATA"."CREATE_USER" IS '创建用户';

COMMENT ON COLUMN "BIANMU"."B_DIRECTORY_METADATA"."CREATE_TIME" IS '创建时间';

COMMENT ON COLUMN "BIANMU"."B_DIRECTORY_METADATA"."MODIFY_USER" IS '修改用户';

COMMENT ON COLUMN "BIANMU"."B_DIRECTORY_METADATA"."MODIFY_TIME" IS '修改时间';

COMMENT ON TABLE "BIANMU"."B_DIRECTORY" IS '目录表';

COMMENT ON COLUMN "BIANMU"."B_DIRECTORY"."ID" IS '主键';

COMMENT ON COLUMN "BIANMU"."B_DIRECTORY"."DIRECTORY_NAME" IS '目录名称';

COMMENT ON COLUMN "BIANMU"."B_DIRECTORY"."PARENT_ID" IS '父目录ID';

COMMENT ON COLUMN "BIANMU"."B_DIRECTORY"."REVIEW_STATUS" IS '数据审核状态（''UN_SUBMIT''：未提交，''SUBMITTED''：已提交，''PASS''：审核通过，''FAIL''：审核未通过）';

COMMENT ON COLUMN "BIANMU"."B_DIRECTORY"."ORG_ID" IS '所属机构ID';

COMMENT ON COLUMN "BIANMU"."B_DIRECTORY"."CREATE_USER" IS '创建用户';

COMMENT ON COLUMN "BIANMU"."B_DIRECTORY"."CREATE_TIME" IS '创建时间';

COMMENT ON COLUMN "BIANMU"."B_DIRECTORY"."MODIFY_USER" IS '修改用户';

COMMENT ON COLUMN "BIANMU"."B_DIRECTORY"."MODIFY_TIME" IS '修改时间';

COMMENT ON COLUMN "BIANMU"."B_DIRECTORY"."DIRECTORY_TYPE" IS '目录类型（''DIRECTORY''：结构目录，''METADATA''：元数据目录）';

COMMENT ON COLUMN "BIANMU"."B_DIRECTORY"."DIRECTORY_PATH" IS '目录路径，由父级目录拼接而成（\***\***\***）';

COMMENT ON TABLE "BIANMU"."B_DATA_SOURCE" IS '数据源表';

COMMENT ON COLUMN "BIANMU"."B_DATA_SOURCE"."ID" IS '主键';

COMMENT ON COLUMN "BIANMU"."B_DATA_SOURCE"."NAME" IS '数据源名称';

COMMENT ON COLUMN "BIANMU"."B_DATA_SOURCE"."TYPE" IS '数据源类型(0：关系型数据库，1：非关系型数据库，2：文件存储)';

COMMENT ON COLUMN "BIANMU"."B_DATA_SOURCE"."DB_TYPE" IS '数据库类型(ORACLE、MYSQL、DM、SQLSERVER等)';

COMMENT ON COLUMN "BIANMU"."B_DATA_SOURCE"."DB_VERSION" IS '数据库版本';

COMMENT ON COLUMN "BIANMU"."B_DATA_SOURCE"."JDBC_DRIVER_CLASS" IS 'JDBC数据库驱动';

COMMENT ON COLUMN "BIANMU"."B_DATA_SOURCE"."JDBC_URL" IS 'JDBC数据库连接';

COMMENT ON COLUMN "BIANMU"."B_DATA_SOURCE"."JDBC_USER_NAME" IS 'JDBC数据库用户名';

COMMENT ON COLUMN "BIANMU"."B_DATA_SOURCE"."JDBC_PASSWORD" IS 'JDBC数据库密码';

COMMENT ON COLUMN "BIANMU"."B_DATA_SOURCE"."JDBC_SCHEMA" IS 'JDBC数据库模式';

COMMENT ON COLUMN "BIANMU"."B_DATA_SOURCE"."HOST" IS '主机';

COMMENT ON COLUMN "BIANMU"."B_DATA_SOURCE"."PORT" IS '端口';

COMMENT ON COLUMN "BIANMU"."B_DATA_SOURCE"."REMARK" IS '描述';

COMMENT ON COLUMN "BIANMU"."B_DATA_SOURCE"."IS_DELETE" IS '是否删除（0：存在，1：已删除）';

COMMENT ON COLUMN "BIANMU"."B_DATA_SOURCE"."CREATE_TIME" IS '创建时间';

COMMENT ON COLUMN "BIANMU"."B_DATA_SOURCE"."MODIFY_TIME" IS '修改时间';

COMMENT ON COLUMN "BIANMU"."B_DATA_SOURCE"."CREATE_USER" IS '创建用户';

COMMENT ON COLUMN "BIANMU"."B_DATA_SOURCE"."MODIFY_USER" IS '修改用户';

